state_name,age_bracket,state_code,Below_primary_share_buddhist_female,Below_primary_share_christian_female,Below_primary_share_hindu_female,Below_primary_share_jain_female,Below_primary_share_muslim_female,Below_primary_share_sikh_female,CMPR_buddhist_female,CMPR_buddhist_male,CMPR_christian_female,CMPR_christian_male,CMPR_hindu_female,CMPR_hindu_male,CMPR_jain_female,CMPR_jain_male,CMPR_muslim_female,CMPR_muslim_male,CMPR_sikh_female,CMPR_sikh_male,Illiteracy_rate_buddhist_female,Illiteracy_rate_buddhist_male,Illiteracy_rate_christian_female,Illiteracy_rate_christian_male,Illiteracy_rate_hindu_female,Illiteracy_rate_hindu_male,Illiteracy_rate_jain_female,Illiteracy_rate_jain_male,Illiteracy_rate_muslim_female,Illiteracy_rate_muslim_male,Illiteracy_rate_sikh_female,Illiteracy_rate_sikh_male,Literacy_rate_buddhist_female,Literacy_rate_buddhist_male,Literacy_rate_christian_female,Literacy_rate_christian_male,Literacy_rate_hindu_female,Literacy_rate_hindu_male,Literacy_rate_jain_female,Literacy_rate_jain_male,Literacy_rate_muslim_female,Literacy_rate_muslim_male,Literacy_rate_sikh_female,Literacy_rate_sikh_male,Middle_school_share_buddhist_female,Middle_school_share_christian_female,Middle_school_share_hindu_female,Middle_school_share_jain_female,Middle_school_share_muslim_female,Middle_school_share_sikh_female
INDIA,age_10_13,00,31.2187,29.911,31.753,20.1484,38.2017,32.2122,1.8778,0.428,0.5756,0.161,2.7544,0.6904,1.0465,0.2003,2.3186,0.4018,0.5192,0.1628,5.002,4.121,7.8626,7.4002,9.1712,6.8535,2.5401,2.3943,15.2837,13.6463,6.3194,5.5777,94.998,95.879,92.1374,92.5998,90.8288,93.1465,97.4599,97.6057,84.7163,86.3537,93.6806,94.4223,8.3449,11.0273,10.3152,13.7193,8.6126,8.7927
INDIA,age_14_17,00,4.086,6.399,5.0771,0.8092,8.8292,3.0164,16.9607,2.209,7.5265,0.9671,21.0571,4.1578,9.4042,1.0403,22.1106,3.0025,7.6595,1.3216,4.9591,3.5903,6.8928,5.8984,10.3335,6.7906,1.7887,1.6124,17.0667,14.5687,7.0512,6.4795,95.0409,96.4097,93.1072,94.1016,89.6665,93.2094,98.2113,98.3876,82.9333,85.4313,92.9488,93.5205,43.9989,40.4396,40.1975,39.9602,36.2662,39.2494
INDIA,age_18_21,00,4.3706,5.3031,4.9239,0.8226,8.4651,1.9323,42.2008,25.3127,33.3372,14.3613,43.2743,34.1897,38.258,15.1268,45.1655,32.7864,46.2517,25.6065,6.7801,4.1814,9.4682,6.8516,15.9494,8.2754,1.9104,1.6954,22.4018,16.6241,8.6841,8.0667,93.2199,95.8186,90.5318,93.1484,84.0506,91.7246,98.0896,98.3046,77.5982,83.3759,91.3159,91.9333,18.4437,15.5997,18.3959,4.6533,19.52,13.3747
INDIA,age_22_25,00,5.6098,5.3036,5.8827,0.7936,9.5289,1.558,11.001,33.9259,23.4259,27.4543,9.8359,29.4511,25.7203,39.5925,8.6938,33.2918,22.0038,38.9197,9.2329,4.8393,11.8891,7.8488,22.2855,10.0031,2.3554,1.7905,28.0897,18.6727,12.3092,9.8162,90.7671,95.1607,88.1109,92.1512,77.7145,89.9969,97.6446,98.2095,71.9103,81.3273,87.6908,90.1838,19.1297,13.943,17.8126,4.7125,18.1573,13.2258
INDIA,age_26_29,00,7.8121,5.7979,7.6112,0.9358,11.2725,1.6552,2.9726,15.4605,9.1273,25.1107,2.296,12.4559,5.3768,23.9541,1.8292,12.3512,4.6967,15.4012,12.9199,6.1991,14.7494,9.634,29.9984,13.5775,2.8061,2.0151,35.6464,22.9742,18.3578,12.8043,87.0801,93.8009,85.2506,90.366,70.0016,86.4225,97.1939,97.9849,64.3536,77.0258,81.6422,87.1957,20.0935,15.3241,18.2772,5.6024,18.7676,14.7919
INDIA,age_30_33,00,11.3738,6.1342,9.5557,1.2519,13.2938,2.247,0.9343,7.36,2.4793,15.0044,0.5839,5.8146,0.9613,6.7337,0.5943,5.5616,0.9781,5.1327,18.3711,7.6862,16.7169,10.6515,37.2012,16.926,3.2513,2.1808,42.8001,26.5704,25.8934,17.0859,81.6289,92.3138,83.2831,89.3485,62.7988,83.074,96.7487,97.8192,57.1999,73.4296,74.1066,82.9141,20.1666,15.8342,17.9577,6.973,18.4571,15.9414
INDIA,age_34_plus,00,25.006,12.8243,15.892,7.5147,22.2677,3.7568,0.352,2.4929,0.9687,5.9074,0.1992,2.0442,0.283,1.7191,0.2322,2.1631,0.2812,1.569,48.003,20.317,26.3241,16.1946,57.0655,29.2252,10.9433,3.8919,61.3771,37.4977,48.799,32.9278,51.997,79.683,73.6759,83.8054,42.9345,70.7748,89.0567,96.1081,38.6229,62.5023,51.201,67.0722,14.1108,14.5221,15.2333,10.8451,14.242,16.1597
INDIA,age_below10,00,95.3897,93.8607,94.0664,94.8019,93.6382,95.0401,2.1481,1.8207,1.2252,1.0548,2.0751,1.384,1.6604,2.0321,1.8192,1.2833,0.8973,0.9958,72.7991,72.5691,74.2148,74.2474,74.0119,73.4259,71.055,70.6235,76.7978,76.2632,72.6962,71.7777,27.2009,27.4309,25.7852,25.7526,25.9881,26.5741,28.945,29.3765,23.2022,23.7368,27.3038,28.2223,0.0,0.0,0.0,0.0,0.0,0.0
Jammu & Kashmir,age_10_13,01,39.442,35.1798,28.3998,20.0,29.3139,24.3016,1.3093,1.0456,1.0915,0.2126,1.3979,0.229,0.657,0.1348,1.2589,0.389,0.8189,0.1895,6.8875,7.1788,11.4458,9.2066,7.2572,4.4291,8.5366,3.4091,17.7206,12.3682,3.5076,3.2032,93.1125,92.8212,88.5542,90.7934,92.7428,95.5709,91.4634,96.5909,82.2794,87.6318,96.4924,96.7968,7.5761,8.8435,9.7633,12.0,10.5342,11.4103
Jammu & Kashmir,age_14_17,01,3.8081,4.1958,2.0106,0.0,2.3474,0.7875,6.5215,3.6283,12.2962,1.5411,13.4342,1.3499,2.8909,0.4043,10.9332,2.6455,8.4506,0.6278,5.1657,3.7003,10.4651,8.4719,8.5049,3.8632,6.9444,3.8462,18.6874,9.2833,2.4956,1.835,94.8343,96.2997,89.5349,91.5281,91.4951,96.1368,93.0556,96.1538,81.3126,90.7167,97.5044,98.165,44.5891,44.2557,46.3589,29.8507,47.9625,42.9199
Jammu & Kashmir,age_18_21,01,3.6716,3.6247,1.3839,0.0,2.1327,0.5357,30.8211,23.6841,38.6709,18.6786,41.1598,18.2016,40.2102,7.8167,39.3232,25.0894,38.3778,11.9951,8.7483,4.5224,14.4161,10.2964,11.5282,5.1443,4.7619,5.4054,26.288,11.8293,1.9895,2.281,91.2517,95.4776,85.5839,89.7036,88.4718,94.8557,95.2381,94.5946,73.712,88.1707,98.0105,97.719,21.2647,25.5864,22.3914,15.0,25.8341,9.7547
Jammu & Kashmir,age_22_25,01,4.3708,2.2979,1.2366,0.0,1.9677,0.6807,23.9158,28.4642,18.9831,34.7533,20.0477,35.3703,31.6689,42.5876,19.9074,31.0121,23.6577,36.2867,14.4199,7.9519,20.2308,8.0569,15.5426,5.8644,3.2967,6.25,35.3814,16.0357,3.5737,2.054,85.5801,92.0481,79.7692,91.9431,84.4574,94.1356,96.7033,93.75,64.6186,83.9643,96.4263,97.946,15.5828,22.6383,21.2673,5.6818,24.921,10.524
Jammu & Kashmir,age_26_29,01,3.5388,2.7273,1.4099,1.0526,1.7005,0.5104,10.1446,14.9809,6.3553,23.2309,5.7545,23.3681,4.9934,29.9191,7.6866,14.8888,8.5446,24.1008,22.3476,10.4717,27.6844,6.6686,21.1485,6.4123,5.0,2.8369,48.5082,23.0063,5.2649,2.2102,77.6524,89.5283,72.3156,93.3314,78.8515,93.5877,95.0,97.1631,51.4918,76.9937,94.7351,97.7898,19.0766,22.8283,25.7566,4.2105,26.6312,16.5476
Jammu & Kashmir,age_30_33,01,3.6788,3.2532,1.855,1.0101,2.0805,0.605,4.3764,7.9641,1.9757,8.3872,1.1367,9.9328,0.7884,7.2776,2.8774,9.345,2.5131,12.7322,32.9472,14.1372,34.4764,9.5424,27.2403,8.5632,4.8077,2.8037,58.6267,28.4934,6.5048,2.5198,67.0528,85.8628,65.5236,90.4576,72.7597,91.4368,95.1923,97.1963,41.3733,71.5066,93.4952,97.4802,19.9296,21.9236,27.3126,3.0303,26.9827,22.2082
Jammu & Kashmir,age_34_plus,01,7.7229,4.2553,3.2866,0.6356,2.6843,2.119,2.4752,4.501,0.677,2.3381,0.2795,2.5756,0.3942,1.6173,0.9865,4.0362,0.761,4.493,72.1754,40.3462,55.6504,25.568,53.2909,22.673,11.2782,4.9451,80.6703,49.2142,25.0949,7.9241,27.8246,59.6538,44.3496,74.432,46.7091,77.327,88.7218,95.0549,19.3297,50.7858,74.9051,92.0759,16.8485,21.9858,23.3956,6.5678,26.0346,27.1962
Jammu & Kashmir,age_below10,01,94.6911,96.5167,95.6641,90.4762,93.3409,94.877,1.8402,1.5999,1.1191,1.2399,1.0322,1.0813,0.3942,1.6173,1.3288,1.3429,1.0632,1.0773,75.5017,75.6469,76.2496,76.7544,74.1316,73.0872,73.0769,70.5584,79.6899,79.4608,70.87,71.23,24.4983,24.3531,23.7504,23.2456,25.8684,26.9128,26.9231,29.4416,20.3101,20.5392,29.13,28.77,0.0,0.0,0.0,0.0,0.0,0.0
Himachal Pradesh,age_10_13,02,32.4419,26.5033,20.0635,15.7895,32.6678,24.1061,0.4235,0.2664,1.2999,0.2601,1.5399,0.2468,0.3731,0.3868,1.7111,0.2813,0.7439,0.1026,2.3368,2.3563,4.0598,3.8314,2.9221,2.5162,3.3898,0.0,15.0196,9.8472,1.96,1.5502,97.6632,97.6437,95.9402,96.1686,97.0779,97.4838,96.6102,100.0,84.9804,90.1528,98.04,98.4498,7.741,11.3586,11.195,10.5263,6.711,11.188
Himachal Pradesh,age_14_17,02,3.1866,2.4194,1.1713,0.0,5.25,0.9947,7.3776,2.4936,10.8945,2.052,14.3507,2.182,2.7985,0.9671,18.3475,3.0648,8.6375,0.8393,2.1536,2.4146,7.4627,5.598,2.2372,1.9081,0.0,3.3333,16.2888,10.5864,1.539,1.2879,97.8464,97.5854,92.5373,94.402,97.7628,98.0919,100.0,96.6667,83.7112,89.4136,98.461,98.7121,42.7727,46.7742,45.3418,44.4444,36.25,44.405
Himachal Pradesh,age_18_21,02,3.8516,3.2432,1.2684,0.0,4.7535,0.9548,33.3673,21.7285,40.0805,18.815,44.9486,21.8303,40.4851,11.0251,50.9532,32.2719,43.0017,13.7735,3.3103,2.3136,9.3137,5.4852,3.0809,2.5778,0.0,3.0303,22.5894,14.2477,1.5664,2.1875,96.6897,97.6864,90.6863,94.5148,96.9191,97.4222,100.0,96.9697,77.4106,85.7523,98.4336,97.8125,16.0485,20.0,11.7159,5.5556,17.2095,8.3386
Himachal Pradesh,age_22_25,02,4.7518,2.3941,1.574,2.3529,4.7372,0.8184,21.9031,28.841,18.3535,31.9942,16.3688,34.8956,31.903,39.265,11.0611,36.6688,24.1696,39.1896,5.7692,3.5986,11.8506,11.4713,4.8808,3.1269,2.2989,4.918,27.533,14.888,3.3427,2.1497,94.2308,96.4014,88.1494,88.5287,95.1192,96.8731,97.7011,95.082,72.467,85.112,96.6573,97.8503,11.5443,17.1271,10.4417,2.3529,18.4503,9.8469
Himachal Pradesh,age_26_29,02,4.9919,3.8298,2.4343,0.0,5.3979,1.648,9.5867,17.9201,8.0161,23.3815,3.367,23.1379,6.7164,31.528,2.107,13.1906,5.2984,25.7938,10.1042,5.6512,15.7706,8.1365,8.3767,4.2197,4.8193,5.9524,35.4596,18.3478,4.598,2.879,89.8958,94.3488,84.2294,91.8635,91.6233,95.7803,95.1807,94.0476,64.5404,81.6522,95.402,97.121,10.5636,13.617,13.1201,1.2658,17.1566,12.4689
Himachal Pradesh,age_30_33,02,7.2194,3.5,3.6468,0.0,6.3028,1.5272,3.7398,9.9518,2.0118,10.1445,0.5882,6.9207,1.8657,6.1896,0.5993,4.1289,0.8607,8.6166,15.5958,8.43,19.1919,10.5754,12.6889,5.2358,3.4483,3.9474,44.1714,22.4023,6.2267,4.47,84.4042,91.57,80.8081,89.4246,87.3111,94.7642,96.5517,96.0526,55.8286,77.5977,93.7733,95.53,13.045,13.5,15.574,3.5714,18.6268,15.7371
Himachal Pradesh,age_34_plus,02,20.928,6.2225,8.8729,0.9494,10.9745,5.1259,1.8469,6.1434,0.8047,3.6127,0.2064,1.8403,0.3731,2.3211,0.2305,1.6478,0.3201,2.4199,53.5319,26.351,33.3659,17.0346,45.1982,18.3489,7.3314,4.557,71.5918,42.5967,34.2932,13.0302,46.4681,73.649,66.6341,82.9654,54.8018,81.6511,92.6686,95.443,28.4082,57.4033,65.7068,86.9698,12.9163,11.7862,16.9484,5.0633,15.5575,16.8451
Himachal Pradesh,age_below10,02,96.3998,96.2329,94.9265,95.2381,96.0959,95.9602,0.6582,0.5837,0.9285,0.5202,1.0929,1.0181,1.4925,0.9671,1.2447,0.9553,0.8694,1.1004,68.6515,66.8841,70.8292,72.243,71.2643,70.8139,69.7842,71.5976,76.9744,74.24,70.2972,69.3053,31.3485,33.1159,29.1708,27.757,28.7357,29.1861,30.2158,28.4024,23.0256,25.76,29.7028,30.6947,0.0,0.0,0.0,0.0,0.0,0.0
Punjab,age_10_13,03,26.4545,38.6505,31.7643,22.3284,40.0747,32.4661,0.7246,0.2739,0.4645,0.1443,0.8689,0.2662,0.233,0.0912,1.3412,0.3387,0.4031,0.1488,4.6794,4.6154,10.904,9.6274,8.6771,7.5119,2.6227,2.2996,18.2663,15.1216,6.4289,5.8014,95.3206,95.3846,89.096,90.3726,91.3229,92.4881,97.3773,97.7004,81.7337,84.8784,93.5711,94.1986,9.5455,6.9544,9.4377,10.3388,6.312,8.2768
Punjab,age_14_17,03,1.1997,4.9704,3.0224,0.7955,5.7394,2.8617,7.6965,1.4442,7.1892,1.1712,9.2111,1.9499,3.326,0.4714,13.6202,2.9725,6.8654,1.2348,3.8715,4.2705,14.6869,12.8494,8.3081,7.7352,2.179,2.2354,19.8071,17.9172,7.2863,6.9586,96.1285,95.7295,85.3131,87.1506,91.6919,92.2648,97.821,97.7646,80.1929,82.0828,92.7137,93.0414,44.7301,35.92,39.8106,40.0955,36.4355,39.2202
Punjab,age_18_21,03,1.5748,3.3395,1.7414,0.2899,3.6917,1.7143,43.4892,20.9288,49.2434,27.832,43.6706,23.2509,39.5523,10.0905,49.1167,31.8511,46.9337,25.9091,5.0822,4.824,18.7252,16.7726,10.0705,9.2749,2.5424,2.5671,23.5216,21.4544,8.7743,8.6895,94.9178,95.176,81.2748,83.2274,89.9295,90.7251,97.4576,97.4329,76.4784,78.5456,91.2257,91.3105,18.2677,19.0926,13.9884,2.029,20.4914,13.2763
Punjab,age_22_25,03,1.308,2.68,1.4271,0.3571,3.4,1.3293,22.332,35.9064,19.7617,39.2138,22.8138,37.4675,34.3973,47.1067,16.1999,36.6539,22.3979,39.6761,6.5974,5.5371,25.8504,18.9724,12.7802,9.7554,2.439,1.9286,29.0699,23.3386,12.5851,10.7594,93.4026,94.4629,74.1496,81.0276,87.2198,90.2446,97.561,98.0714,70.9301,76.6614,87.4149,89.2406,16.5468,17.2073,12.9597,2.0238,19.1568,13.1811
Punjab,age_26_29,03,2.0437,2.8014,1.4607,0.2186,3.9474,1.3446,5.4567,18.501,4.6782,12.9637,4.8974,18.9264,5.3739,25.6026,3.0361,11.2555,4.649,14.6103,9.2131,7.8788,34.7284,22.4905,17.272,11.5085,3.277,2.1109,38.6529,27.1366,19.048,14.1504,90.7869,92.1212,65.2716,77.5095,82.728,88.4915,96.723,97.8891,61.3471,72.8634,80.952,85.8496,18.8865,16.7151,13.3082,1.9126,18.608,14.9253
Punjab,age_30_33,03,2.2439,3.4929,1.8084,0.2281,4.7346,1.8662,1.1748,7.8436,1.1064,4.6259,0.831,5.5353,0.7062,4.7145,0.7579,4.3471,0.9644,4.7938,16.3948,9.3005,46.3348,29.2922,22.5988,13.804,3.7322,3.0601,49.7379,31.4192,27.2607,19.0569,83.6052,90.6995,53.6652,70.7078,77.4012,86.196,96.2678,96.9399,50.2621,68.5808,72.7393,80.9431,17.3659,15.7105,13.3269,2.8506,17.6139,16.0859
Punjab,age_34_plus,03,5.5275,4.5354,3.024,1.0943,6.302,3.3837,0.1757,1.7679,0.2971,1.2334,0.2039,1.2946,0.1836,0.9125,0.2546,1.478,0.2728,1.4722,50.4012,23.6187,65.7908,46.9915,40.5268,22.7882,7.7461,4.9853,72.9894,51.6782,51.7912,36.2044,49.5988,76.3813,34.2092,53.0085,59.4732,77.2118,92.2539,95.0147,27.0106,48.3218,48.2088,63.7956,16.1105,15.3999,15.539,7.5515,15.4054,16.5991
Punjab,age_below10,03,95.1429,94.2536,94.8025,96.0648,94.4077,95.0337,1.3395,1.4318,0.8492,1.0831,0.9728,1.1684,0.8686,1.7261,0.9513,1.0155,0.8156,0.9627,73.0146,72.234,74.0861,72.9339,74.1535,73.0105,69.5882,69.5538,77.5615,76.0478,72.6888,71.7643,26.9854,27.766,25.9139,27.0661,25.8465,26.9895,30.4118,30.4462,22.4385,23.9522,27.3112,28.2357,0.0,0.0,0.0,0.0,0.0,0.0
Chandigarh,age_10_13,04,26.6667,36.4017,38.8174,21.5686,44.1146,26.023,0.9009,0.4219,0.84,0.1393,2.2061,0.5656,0.0,0.0,2.9123,0.2688,0.4577,0.1129,0.0,3.4483,3.629,3.9877,6.8579,5.1805,0.0,0.0,6.4176,8.0431,2.3416,1.8574,100.0,96.5517,96.371,96.0123,93.1421,94.8195,100.0,100.0,93.5824,91.9569,97.6584,98.1426,0.0,4.1841,6.4079,3.9216,5.2712,7.8645
Chandigarh,age_14_17,04,0.0,3.9216,4.3674,0.0,6.175,0.8952,7.2072,2.5316,9.2818,1.4856,17.0973,4.3774,4.0584,0.5226,24.1956,4.9652,6.314,0.7776,2.5641,5.4545,3.0418,2.8986,6.7432,5.6097,0.0,1.5385,8.3814,12.6233,1.171,0.9728,97.4359,94.5455,96.9582,97.1014,93.2568,94.3903,100.0,98.4615,91.6186,87.3767,98.829,99.0272,28.9474,39.6078,40.5093,46.2963,38.422,41.6798
Chandigarh,age_18_21,04,0.0,4.2683,2.1359,0.0,3.3333,0.396,36.036,20.2532,29.0634,15.9239,38.5151,27.6209,29.7078,9.2334,47.675,35.7132,31.7493,11.9232,2.381,3.8462,6.2857,5.291,7.8052,7.6295,0.0,0.0,12.9534,13.5837,1.4057,0.9543,97.619,96.1538,93.7143,94.709,92.1948,92.3705,100.0,100.0,87.0466,86.4163,98.5943,99.0457,2.439,17.6829,12.0942,0.0,22.5,5.8218
Chandigarh,age_22_25,04,1.1765,2.2026,1.7386,0.0,3.8125,0.2767,19.8198,22.3629,24.9475,29.5265,21.2353,31.6421,39.2857,33.4495,11.4485,35.7132,30.7442,32.8312,3.4091,1.3245,9.9206,5.4656,11.721,7.2511,1.1364,0.0,20.3202,15.1141,1.472,0.9807,96.5909,98.6755,90.0794,94.5344,88.279,92.7489,98.8636,100.0,79.6798,84.8859,98.528,99.0193,2.9412,9.6916,11.7778,1.1494,21.2262,3.9563
Chandigarh,age_26_29,04,1.9231,3.0233,2.0128,1.0638,5.6136,0.2863,13.0631,26.5823,14.8677,31.2906,6.49,21.4525,10.0649,38.8502,2.2534,11.7094,10.9339,32.3898,8.7719,2.5641,9.4737,4.0476,17.8302,8.7554,0.0,0.0,32.954,18.8503,2.2233,1.3395,91.2281,97.4359,90.5263,95.9524,82.1698,91.2446,100.0,100.0,67.046,81.1497,97.7767,98.6605,3.8462,8.8372,12.5154,1.0638,20.3655,5.6594
Chandigarh,age_30_33,04,0.0,1.9737,2.4068,0.0,6.4677,0.5021,6.3063,12.2363,3.9479,11.5599,1.0195,5.863,0.974,7.3171,0.4965,3.7951,2.0244,10.1422,6.6667,6.4516,11.6279,4.0712,23.5813,10.5745,1.3514,2.3529,42.7677,23.3812,3.6012,1.5933,93.3333,93.5484,88.3721,95.9288,76.4187,89.4255,98.6486,97.6471,57.2323,76.6188,96.3988,98.4067,7.1429,8.8816,12.2781,0.0,18.7065,7.2103
Chandigarh,age_34_plus,04,3.2787,2.407,2.7704,1.5837,9.8219,1.4208,0.0,6.3291,1.428,3.4355,0.3057,1.393,0.487,2.0906,0.1337,1.1385,0.6017,2.9,22.293,9.6045,17.0599,7.3557,31.7047,14.8184,3.2823,1.0799,62.0131,35.6249,12.9384,4.5256,77.707,90.3955,82.9401,92.6443,68.2953,85.1816,96.7177,98.9201,37.9869,64.3751,87.0616,95.4744,13.9344,10.7221,12.1178,5.2036,15.6503,9.4483
Chandigarh,age_below10,04,100.0,98.0892,97.0886,96.0,96.4952,97.8807,1.3514,0.4219,0.672,0.8357,1.0287,1.1392,0.8117,1.2195,0.7639,0.9409,0.9155,1.2344,76.0,71.7391,73.6134,69.541,73.1649,72.1495,75.4902,70.0935,74.3888,72.7273,70.9396,69.5491,24.0,28.2609,26.3866,30.459,26.8351,27.8505,24.5098,29.9065,25.6112,27.2727,29.0604,30.4509,0.0,0.0,0.0,0.0,0.0,0.0
Uttarakhand,age_10_13,05,27.9302,30.2362,30.1006,28.0851,48.2827,33.8341,0.5571,0.4058,0.9865,0.1333,2.133,0.3043,0.316,0.0,1.4458,0.235,0.9313,0.1732,4.2959,2.6426,5.5762,5.3851,4.1559,3.5065,4.0816,3.413,14.899,12.9178,6.4012,5.4213,95.7041,97.3574,94.4238,94.6149,95.8441,96.4935,95.9184,96.587,85.101,87.0822,93.5988,94.5787,13.7157,8.9764,10.612,10.6383,6.1908,10.2404
Uttarakhand,age_14_17,05,5.3375,2.3923,2.2165,0.4167,10.6613,3.7655,8.1128,1.0822,9.9969,1.0218,19.3265,2.7077,5.0211,0.3486,18.9564,2.3602,10.2922,1.0708,2.8963,1.006,4.2539,4.3056,3.5033,2.4258,4.7619,1.8237,18.4167,14.4402,5.5867,3.6956,97.1037,98.994,95.7461,95.6944,96.4967,97.5742,95.2381,98.1763,81.5833,85.5598,94.4133,96.3044,41.2873,40.7382,44.3967,37.5,31.1421,40.3228
Uttarakhand,age_18_21,05,3.2738,1.5175,1.3721,0.6452,7.4639,2.1763,30.2228,13.8992,34.2215,17.681,44.5035,29.371,34.5506,8.4043,52.7872,37.9256,49.5905,27.0742,1.4663,0.885,6.6572,5.2295,5.3793,3.5775,1.8987,1.5306,25.1788,17.4175,9.4366,4.8444,98.5337,99.115,93.3428,94.7705,94.6207,96.4225,98.1013,98.4694,74.8212,82.5825,90.5634,95.1556,9.8214,13.3536,21.7917,1.9355,22.2294,19.279
Uttarakhand,age_22_25,05,3.4901,1.0759,1.5659,0.489,7.5805,2.8316,17.7577,24.3152,20.2583,30.1533,11.8414,34.6301,34.8315,37.1805,10.1496,35.8822,18.1722,39.9144,3.655,3.3214,8.5648,4.505,9.1707,4.3218,2.619,0.9479,36.014,20.3954,13.745,5.9472,96.345,96.6786,91.4352,95.495,90.8293,95.6782,97.381,99.0521,63.986,79.6046,86.255,94.0528,12.4431,11.519,21.798,0.978,20.3828,17.562
Uttarakhand,age_26_29,05,4.3396,2.2161,2.3013,0.0,9.0869,3.4684,10.4805,20.4937,9.2546,22.49,2.41,16.1003,7.1278,32.7266,1.7738,9.572,3.2881,14.9169,9.0909,4.3,9.8064,6.2537,16.2291,6.1813,2.7473,1.199,50.5912,28.101,21.4427,9.3317,90.9091,95.7,90.1936,93.7463,83.7709,93.8187,97.2527,98.801,49.4088,71.899,78.5573,90.6683,15.4717,11.3573,21.9766,2.8249,18.6107,17.8206
Uttarakhand,age_30_33,05,3.6866,2.4151,3.5383,0.3049,11.5718,4.0612,4.422,13.4596,2.8069,11.8947,0.4755,5.9082,1.1938,8.5205,0.487,3.8524,0.7327,5.5291,12.1457,4.186,12.8863,6.5499,24.4351,7.8476,1.5015,2.071,62.2859,35.5426,29.2544,12.2342,87.8543,95.814,87.1137,93.4501,75.5649,92.1524,98.4985,97.929,37.7141,64.4574,70.7456,87.7658,21.8894,10.9434,20.775,1.5244,15.9997,19.5495
Uttarakhand,age_34_plus,05,8.1104,3.2293,7.2025,0.9901,13.5594,5.6317,1.9847,10.4498,1.2611,5.3976,0.1502,1.734,0.6671,2.5174,0.1776,1.4086,0.2494,1.6587,45.2786,26.9448,21.6328,11.2047,53.2709,16.7167,5.5192,1.658,79.4051,51.342,46.6583,24.5438,54.7214,73.0552,78.3672,88.7953,46.7291,83.2833,94.4808,98.342,20.5949,48.658,53.3417,75.4562,23.2959,12.3883,17.9084,6.0396,14.8688,17.8629
Uttarakhand,age_below10,05,95.9276,95.3046,95.0347,98.7179,94.5951,95.5097,0.6616,0.6764,0.7627,0.8552,0.8293,0.7494,0.7374,1.433,0.6937,0.7215,0.5726,0.6828,68.917,66.8734,72.6863,71.6909,71.7699,71.5865,70.3422,71.3608,76.3819,75.7465,72.1321,72.0331,31.083,33.1266,27.3137,28.3091,28.2301,28.4135,29.6578,28.6392,23.6181,24.2535,27.8679,27.9669,0.0,0.0,0.0,0.0,0.0,0.0
Haryana,age_10_13,06,32.3944,33.1561,33.7527,21.3687,60.8903,34.0985,2.0224,0.4042,1.0724,0.2619,2.7667,0.6979,0.3931,0.0929,2.6711,0.6657,0.6489,0.1879,3.4014,5.2174,8.2317,7.2237,5.521,4.533,2.2526,1.7828,32.3583,14.9283,5.0153,4.5362,96.5986,94.7826,91.7683,92.7763,94.479,95.467,97.7474,98.2172,67.6417,85.0717,94.9847,95.4638,8.0986,9.8339,9.4488,15.433,3.2014,9.0985
Haryana,age_14_17,06,5.53,4.43,3.3075,0.5772,20.8555,4.0045,13.4646,3.1834,11.2678,2.5146,22.3298,5.4925,6.1295,0.73,31.3632,8.8654,9.5685,1.7355,8.0508,6.7138,9.1716,6.8719,5.8746,4.4983,1.2821,1.1745,43.5227,18.0044,6.1129,5.3668,91.9492,93.2862,90.8284,93.1281,94.1254,95.5017,98.7179,98.8255,56.4773,81.9956,93.8871,94.6332,37.3272,39.0879,39.478,38.6724,21.6949,38.6483
Haryana,age_18_21,06,0.9709,4.2998,2.3671,0.0,13.1369,2.8748,41.6711,30.7226,34.8685,22.3844,44.2452,37.1979,38.1096,13.0542,46.4675,53.7023,46.8124,27.4681,8.8496,5.9259,12.848,7.3099,8.8293,5.9069,1.9391,1.4752,55.4566,22.1783,8.4047,7.3217,91.1504,94.0741,87.152,92.6901,91.1707,94.0931,98.0609,98.5248,44.5434,77.8217,91.5953,92.6783,9.7087,12.285,13.8493,3.3898,15.1927,12.5181
Haryana,age_22_25,06,3.413,2.459,2.2362,0.3263,10.8909,2.137,18.0947,31.1774,22.6899,29.9207,11.9316,32.4451,32.8584,41.5516,5.7128,22.4079,21.0521,38.9932,12.012,6.6489,14.2117,8.149,13.3265,6.8787,2.0548,1.0438,64.0176,25.2935,11.4787,9.1509,87.988,93.3511,85.7883,91.851,86.6735,93.1213,97.9452,98.9562,35.9824,74.7065,88.5213,90.8491,14.3345,9.4047,15.8352,2.1445,15.9281,14.0068
Haryana,age_26_29,06,3.2028,2.0173,2.8632,0.0418,10.7246,2.4573,6.4928,16.8772,9.953,22.2646,2.1821,11.1001,6.4611,29.2673,0.9371,4.0761,4.3037,15.0084,19.943,6.0362,14.6721,8.7259,19.776,9.003,2.7225,1.5709,70.8717,30.1962,17.6797,12.157,80.057,93.9638,85.3279,91.2741,80.224,90.997,97.2775,98.4291,29.1283,69.8038,82.3203,87.843,15.6584,10.4227,17.2099,2.005,16.122,16.9046
Haryana,age_30_33,06,1.6878,2.9104,3.737,0.4076,12.4862,3.548,1.0644,5.71,2.5342,9.3175,0.3511,2.8712,0.7247,5.223,0.2533,1.4628,0.8896,4.7353,20.7358,8.3756,18.5396,9.7699,28.5591,11.7783,2.0843,1.6157,77.8266,35.0731,24.7464,16.2311,79.2642,91.6244,81.4604,90.2301,71.4409,88.2217,97.9157,98.3843,22.1734,64.9269,75.2536,83.7689,11.3924,9.6042,18.7747,3.2609,14.9615,19.0653
Haryana,age_34_plus,06,4.142,2.2215,5.2961,1.9172,12.7675,5.4475,0.479,2.1223,0.7713,3.0759,0.1043,0.7791,0.1658,0.9889,0.1156,0.6606,0.2573,1.434,49.3,19.9488,30.3974,17.5525,59.814,26.374,9.0169,3.207,89.7314,55.7086,50.7039,33.0151,50.7,80.0512,69.6026,82.4475,40.186,73.626,90.9831,96.793,10.2686,44.2914,49.2961,66.9849,13.215,10.2353,16.2267,10.2645,11.5105,18.0356
Haryana,age_below10,06,95.288,95.6522,96.1761,95.0051,95.6868,96.3154,1.8095,0.859,1.1606,1.0627,1.3448,0.9334,1.0687,1.3074,1.6348,0.9192,0.8604,0.8651,75.7306,77.2778,73.5632,74.4484,73.125,72.5907,72.4206,71.1701,82.2334,78.4816,72.835,71.7317,24.2694,22.7222,26.4368,25.5516,26.875,27.4093,27.5794,28.8299,17.7666,21.5184,27.165,28.2683,0.0,0.0,0.0,0.0,0.0,0.0
NCT of Delhi,age_10_13,07,28.7796,29.9076,31.9423,22.9425,38.8036,27.6108,2.2268,0.6972,0.6245,0.125,2.3096,0.4219,0.2958,0.0335,2.4686,0.303,0.5637,0.0636,3.1746,1.9787,3.3754,2.8784,4.3891,3.7681,1.5679,1.5631,8.2853,8.4827,2.9239,2.8975,96.8254,98.0213,96.6246,97.1216,95.6109,96.2319,98.4321,98.4369,91.7147,91.5173,97.0761,97.1025,9.2896,7.9108,9.2743,9.3363,8.0138,9.471
NCT of Delhi,age_14_17,07,2.7687,1.7754,2.5099,0.3992,5.3937,1.6517,14.4017,2.9412,6.3411,1.0136,17.8388,3.8022,5.6247,0.5946,23.5624,3.7855,7.1562,0.8372,4.6584,2.8169,3.2424,1.8333,4.0349,3.4157,0.6678,0.8697,9.5242,10.3011,2.5975,2.3959,95.3416,97.1831,96.7576,98.1667,95.9651,96.5843,99.3322,99.1303,90.4758,89.6989,97.4025,97.6041,40.8795,44.2299,43.674,43.2563,40.5198,42.2204
NCT of Delhi,age_18_21,07,2.9326,2.5456,1.6692,0.3503,3.7364,1.1766,33.7149,20.5011,21.9545,10.3802,37.979,26.4232,35.1251,10.9204,41.8937,31.5624,33.5177,11.3521,2.849,4.4271,5.2556,2.5278,5.7459,4.7751,0.8873,0.6649,13.744,13.7772,3.3249,2.6528,97.151,95.5729,94.7444,97.4722,94.2541,95.2249,99.1127,99.3351,86.256,86.2228,96.6751,97.3472,9.3842,9.6125,13.3449,2.0241,20.6238,7.3538
NCT of Delhi,age_22_25,07,1.1364,1.7429,1.5233,0.2668,3.8253,0.9925,19.563,29.5643,27.1422,23.782,19.4602,33.9392,35.4577,42.1761,12.7922,33.4345,29.2828,34.9814,5.561,3.5071,5.2804,2.3407,8.9432,5.0498,0.9834,0.5114,19.7917,14.9499,3.6615,2.9223,94.439,96.4929,94.7196,97.6593,91.0568,94.9502,99.0166,99.4886,80.2083,85.0501,96.3385,97.0777,8.2645,6.7855,12.9792,1.7492,19.0826,5.927
NCT of Delhi,age_26_29,07,1.2645,1.532,1.775,0.1321,4.7265,0.8124,8.9074,21.4161,18.827,31.4394,5.1616,19.3527,7.1406,30.8391,2.9882,13.5725,7.965,30.7676,6.5025,3.9216,5.6491,2.261,13.1394,5.9835,0.5909,0.6247,28.0566,17.7527,4.2658,2.9212,93.4975,96.0784,94.3509,97.739,86.8606,94.0165,99.4091,99.3753,71.9434,82.2473,95.7342,97.0788,9.0622,7.8566,13.7574,1.8756,18.7327,6.4184
NCT of Delhi,age_30_33,07,1.0989,1.4455,2.1312,0.0987,5.8525,0.9977,3.0593,10.3268,4.958,18.8582,0.8905,5.9865,0.8604,5.7763,0.8801,6.5589,1.3928,9.2998,11.6505,4.3684,6.2086,3.1004,18.1237,7.0524,0.7555,0.5598,36.2267,20.2686,5.1746,2.8908,88.3495,95.6316,93.7914,96.8996,81.8763,92.9476,99.2445,99.4402,63.7733,79.7314,94.8254,97.1092,11.1264,7.408,14.111,2.5796,17.5064,6.5671
NCT of Delhi,age_34_plus,07,3.4605,1.7299,3.1513,1.6304,8.0497,1.9535,0.8533,4.3573,1.5649,5.8232,0.2166,1.4495,0.2185,1.2373,0.2852,2.499,0.3977,2.441,28.125,10.4219,8.9199,3.5511,31.4976,11.193,5.242,1.2109,57.4843,31.358,12.0535,5.1297,71.875,89.5781,91.0801,96.4489,68.5024,88.807,94.758,98.7891,42.5157,68.642,87.9465,94.8703,11.9343,7.6258,13.0437,8.0349,15.9269,9.9962
NCT of Delhi,age_below10,07,92.562,96.5763,95.9319,97.0845,95.6309,96.6089,1.769,1.0458,1.5051,1.2527,1.9095,1.3681,1.2916,1.5995,1.8025,1.2318,1.3698,1.3524,71.4847,73.0686,70.4438,69.0438,72.7199,72.1146,70.5546,70.6318,74.2283,73.985,71.7514,70.6806,28.5153,26.9314,29.5562,30.9562,27.2801,27.8854,29.4454,29.3682,25.7717,26.015,28.2486,29.3194,0.0,0.0,0.0,0.0,0.0,0.0
Rajasthan,age_10_13,08,32.4701,31.115,36.9882,18.3044,48.6779,34.462,5.7327,1.7133,2.1076,0.7299,6.6498,2.5523,1.694,0.1742,5.546,1.7132,1.1379,0.2021,5.9925,3.9877,11.114,6.2809,13.8847,6.7007,2.4564,1.8661,21.9322,12.1447,7.2118,5.3043,94.0075,96.0123,88.886,93.7191,86.1153,93.2993,97.5436,98.1339,78.0678,87.8553,92.7882,94.6957,9.9602,10.9479,9.3057,17.7193,5.889,10.6865
Rajasthan,age_14_17,08,5.6645,4.774,7.8646,0.8001,14.8714,5.3412,27.6651,10.346,13.5903,3.9416,27.7156,10.8327,14.413,2.0691,29.5409,9.315,16.1814,3.1411,10.1761,4.1812,12.6494,5.5381,16.6741,6.1949,1.6383,1.1818,26.7035,12.6725,9.0701,6.2946,89.8239,95.8188,87.3506,94.4619,83.3259,93.8051,98.3617,98.8182,73.2965,87.3275,90.9299,93.7054,39.4336,40.5474,35.5621,38.341,27.0131,36.456
Rajasthan,age_18_21,08,4.1667,4.0241,6.9565,1.3594,12.1733,4.593,39.4203,41.944,36.1697,31.399,41.0545,47.4138,40.6373,23.4803,41.9205,47.1283,50.4016,39.092,15.493,4.3478,17.806,6.3701,25.8495,7.6428,1.4983,1.1705,36.4324,14.885,13.1366,8.2587,84.507,95.6522,82.194,93.6299,74.1505,92.3572,98.5017,98.8295,63.5676,85.115,86.8634,91.7413,22.9167,13.8162,21.0629,5.8656,21.2087,20.0811
Rajasthan,age_22_25,08,3.9474,3.4908,7.509,0.8451,12.543,4.2719,9.4042,23.888,17.3254,24.8013,5.3006,22.7134,21.3014,40.5046,5.4136,25.1213,13.2456,34.7277,27.4809,5.8201,22.1689,8.3998,36.4175,10.0311,1.6763,1.1615,44.8711,17.2312,20.0282,10.0579,72.5191,94.1799,77.8311,91.6002,63.5825,89.9689,98.3237,98.8385,55.1289,82.7688,79.9718,89.9421,19.7368,12.3497,20.5782,6.1171,20.4141,20.8665
Rajasthan,age_26_29,08,5.9937,4.4519,9.3726,0.7233,14.385,5.8614,1.6103,8.6656,8.0065,18.1346,0.8142,4.6925,3.6468,18.6391,0.8319,5.0011,2.1795,8.8406,37.721,10.8257,27.443,10.6855,48.7879,14.3596,2.0269,1.2756,53.5876,21.4645,30.8137,14.0403,62.279,89.1743,72.557,89.3145,51.2121,85.6404,97.9731,98.7244,46.4124,78.5355,69.1863,85.9597,18.9274,11.7097,19.9239,7.6803,19.0753,21.1946
Rajasthan,age_30_33,08,6.9106,4.2997,11.3081,0.926,16.9422,7.7394,0.4509,3.0643,2.0626,7.6845,0.1608,1.3402,0.4867,3.9108,0.2412,1.9035,0.4374,2.7283,43.9636,11.5909,30.3794,13.0719,58.524,18.9225,2.1788,1.194,61.4556,25.4573,40.8113,19.4415,56.0364,88.4091,69.6206,86.9281,41.476,81.0775,97.8212,98.806,38.5444,74.5427,59.1887,80.5585,17.0732,10.0043,19.1756,10.4901,17.5686,22.0696
Rajasthan,age_34_plus,08,9.0764,4.1232,13.7648,6.4911,20.6634,9.6829,0.0644,0.7908,0.8213,2.5791,0.0585,0.3873,0.1354,0.9309,0.1046,0.7261,0.1373,0.8047,62.3952,24.621,32.3172,18.4437,76.6069,37.9241,13.018,2.1311,77.8225,40.3651,64.5513,38.3074,37.6048,75.379,67.6828,81.5563,23.3931,62.0759,86.982,97.8689,22.1775,59.6349,35.4487,61.6926,15.2866,9.1489,16.8638,17.5016,14.674,17.5092
Rajasthan,age_below10,08,91.9786,93.4563,93.8221,92.6471,94.0938,94.1707,2.2544,1.5157,1.71,1.1517,3.4958,1.835,1.5465,1.6036,2.8809,1.5648,1.2027,0.8712,71.4504,74.4318,73.9384,73.849,76.0433,74.4048,70.4657,70.9394,79.1286,77.171,73.0785,72.0674,28.5496,25.5682,26.0616,26.151,23.9567,25.5952,29.5343,29.0606,20.8714,22.829,26.9215,27.9326,0.0,0.0,0.0,0.0,0.0,0.0
Uttar Pradesh,age_10_13,09,37.8927,35.5016,36.8964,22.3209,46.1055,31.863,4.9788,2.477,2.2601,0.7555,3.441,1.2897,1.0259,0.2341,2.3206,0.7012,1.2905,0.3397,10.7869,9.239,17.7995,14.5385,11.2006,8.7141,5.1133,4.5263,24.0146,20.6209,9.1406,6.916,89.2131,90.761,82.2005,85.4615,88.7994,91.2859,94.8867,95.4737,75.9854,79.3791,90.8594,93.084,9.1223,11.2938,9.7361,17.82,7.8405,12.69
Uttar Pradesh,age_14_17,09,4.3555,5.4877,4.2253,1.6122,10.1363,3.2821,24.4005,8.0605,13.0658,3.4584,22.0929,6.3771,7.5878,1.2193,17.8347,3.8451,8.3906,1.239,10.425,7.9204,17.8385,13.9991,12.2885,8.3577,4.6687,3.2157,26.7932,22.078,8.4385,5.8902,89.575,92.0796,82.1615,86.0009,87.7115,91.6423,95.3313,96.7843,73.2068,77.922,91.5615,94.1098,40.0024,34.9315,39.067,36.1369,30.106,38.6589
Uttar Pradesh,age_18_21,09,2.4935,3.8645,2.3635,0.4838,6.4241,2.1048,44.5546,50.4318,39.2845,34.5998,47.765,49.4319,40.4598,19.6409,49.993,45.1246,48.6643,30.1298,16.7913,8.7001,21.2495,14.5726,18.9831,10.0858,4.433,3.3073,32.8624,24.2567,10.3718,6.4042,83.2087,91.2999,78.7505,85.4274,81.0169,89.9142,95.567,96.6927,67.1376,75.7433,89.6282,93.5958,24.1229,16.0027,21.3997,4.9801,20.5111,16.8559
Uttar Pradesh,age_22_25,09,2.7903,3.4781,2.4401,0.5799,6.4323,1.6853,4.7002,17.2467,13.6562,24.5896,6.3809,21.7906,25.334,38.052,8.1792,27.2346,17.9264,36.8127,29.6875,10.8712,24.8405,14.7644,29.3643,12.0434,4.7819,3.1963,42.2935,26.7224,13.7847,7.0879,70.3125,89.1288,75.1595,85.2356,70.6357,87.9566,95.2181,96.8037,57.7065,73.2776,86.2153,92.9121,22.2222,12.1734,20.5573,3.8506,18.3441,16.7537
Uttar Pradesh,age_26_29,09,3.002,2.7813,2.6966,0.3769,6.952,2.1102,0.995,3.5684,4.9662,10.9518,1.1047,4.2917,5.2903,20.6994,1.4792,5.7974,3.4346,12.5602,45.497,15.5934,30.9065,17.876,42.3786,16.5733,4.9902,3.1046,53.8423,32.3795,19.428,9.5467,54.503,84.4066,69.0935,82.124,57.6214,83.4267,95.0098,96.8954,46.1577,67.6205,80.572,90.4533,24.2432,12.8883,23.138,4.7295,17.5719,17.8311
Uttar Pradesh,age_30_33,09,3.6694,2.9893,3.2612,0.4601,8.3158,2.6678,0.2348,1.463,1.5453,5.7684,0.251,1.5098,0.7418,5.139,0.4549,2.7559,0.7823,4.2567,55.6232,19.0432,36.0804,19.9817,51.4498,20.8188,5.2211,3.2228,62.0254,37.6014,26.0875,12.0366,44.3768,80.9568,63.9196,80.0183,48.5502,79.1812,94.7789,96.7772,37.9746,62.3986,73.9125,87.9634,24.5199,12.6332,24.0793,5.9433,16.8494,18.3233
Uttar Pradesh,age_34_plus,09,4.8411,2.8324,4.4352,1.9564,9.803,3.8012,0.0736,0.3781,0.5496,2.0912,0.0923,0.4455,0.2216,0.9642,0.1638,1.0315,0.2385,1.2657,75.7839,36.5176,43.9953,26.2987,68.6279,33.1553,10.1993,4.1692,76.0515,49.0525,41.9176,23.9743,24.2161,63.4824,56.0047,73.7013,31.3721,66.8447,89.8007,95.8308,23.9485,50.9475,58.0824,76.0257,22.4397,11.1948,21.7079,11.6408,15.0734,15.5931
Uttar Pradesh,age_below10,09,93.1498,90.8922,93.1612,91.6446,92.4143,93.2728,3.5182,1.97,1.8944,1.1617,2.5544,1.3335,1.3246,1.3852,2.0465,1.0998,1.5076,1.0319,75.0255,74.0518,76.1623,75.1133,74.2946,73.3961,72.0129,71.0769,78.653,77.4069,73.1835,72.7363,24.9745,25.9482,23.8377,24.8867,25.7054,26.6039,27.9871,28.9231,21.347,22.5931,26.8165,27.2637,0.0,0.0,0.0,0.0,0.0,0.0
Bihar,age_10_13,10,34.5059,44.5018,45.8377,36.6959,52.6723,38.3897,2.5028,0.5113,1.7365,0.506,2.324,0.4903,1.5628,0.1971,1.2937,0.2606,1.6899,0.3193,10.962,8.9019,19.5722,14.7163,18.0125,13.3691,13.8539,11.432,24.0728,20.6826,14.8957,9.7915,89.038,91.0981,80.4278,85.2837,81.9875,86.6309,86.1461,88.568,75.9272,79.3174,85.1043,90.2085,10.9715,8.5153,7.3833,10.5263,5.7972,10.5018
Bihar,age_14_17,10,4.3321,9.7305,8.3215,5.5846,14.8564,4.6053,27.6742,5.1625,17.5209,3.1925,25.0806,5.0973,14.0848,2.2777,18.8163,2.4907,13.6744,2.7222,10.6452,6.5963,18.7348,16.1533,20.8895,14.61,11.0248,8.522,27.8615,23.8845,11.1111,9.2805,89.3548,93.4037,81.2652,83.8467,79.1105,85.39,88.9752,91.478,72.1385,76.1155,88.8889,90.7195,44.8857,33.483,36.3415,31.7627,28.0157,39.7368
Bihar,age_18_21,10,2.1978,5.7831,7.1608,1.1278,13.1259,2.0772,49.6094,48.062,46.3961,36.4013,52.3051,47.9746,45.7121,24.3101,56.0894,38.3303,47.814,26.3821,15.1515,9.751,28.6942,19.8908,33.6951,18.007,15.016,10.1983,39.4436,28.0971,14.899,11.8896,84.8485,90.249,71.3058,80.1092,66.3049,81.993,84.984,89.8017,60.5564,71.9029,85.101,88.1104,19.2308,13.9157,18.1563,8.6466,16.6419,11.8694
Bihar,age_22_25,10,3.281,7.1731,9.1384,2.8708,15.6664,3.0026,3.7143,27.4946,9.5243,31.0012,4.7803,28.675,17.015,36.3338,6.5491,36.4402,13.6744,34.3808,23.4716,8.5427,34.0841,20.4262,44.4501,21.4851,16.8435,7.8184,49.6658,31.7443,21.5164,9.3511,76.5284,91.4573,65.9159,79.5738,55.5499,78.5149,83.1565,92.1816,50.3342,68.2557,78.4836,90.6489,17.4037,10.5337,16.0712,6.3796,13.476,9.2689
Bihar,age_26_29,10,3.0664,7.9538,10.5241,2.0797,17.8404,3.7534,0.6695,4.6512,2.943,9.102,0.7136,4.6012,3.1647,17.5208,0.9836,7.7025,2.5271,13.6448,31.9815,11.5226,41.254,24.6717,51.5133,26.245,17.2166,10.8725,57.3229,37.1919,22.2917,11.2735,68.0185,88.4774,58.746,75.3283,48.4867,73.755,82.7834,89.1275,42.6771,62.8081,77.7083,88.7265,22.3169,11.4888,16.9491,5.3726,12.9496,11.7962
Bihar,age_30_33,10,7.1006,8.2704,11.1821,2.3423,19.3873,3.3333,0.1116,1.303,1.1473,5.1827,0.1835,1.6919,0.4884,5.6505,0.3346,3.5612,0.6202,6.4023,38.5455,14.1134,44.6766,27.9117,55.6647,29.5845,16.0363,10.9281,62.2664,41.0848,25.5319,14.927,61.4545,85.8866,55.3234,72.0883,44.3353,70.4155,83.9637,89.0719,37.7336,58.9152,74.4681,85.073,17.1598,10.0199,16.6415,8.4685,12.7452,12.6984
Bihar,age_34_plus,10,10.073,7.9651,11.9908,4.528,20.4579,5.2427,0.0478,0.4783,0.424,2.0989,0.0757,0.5103,0.0977,1.1608,0.1255,1.3098,0.1395,2.0837,61.3213,23.8689,54.0508,33.2315,70.9241,39.7445,20.8865,11.6488,76.3532,50.4568,34.3447,17.1917,38.6787,76.1311,45.9492,66.7685,29.0759,60.2555,79.1135,88.3512,23.6468,49.5432,65.6553,82.8083,17.8832,10.8374,17.0165,13.6992,12.7449,15.5728
Bihar,age_below10,10,92.2554,91.9195,94.0655,91.8103,92.6796,92.9825,3.268,1.237,2.1013,1.1106,2.1091,1.0774,1.2112,1.0951,1.9046,1.0953,1.8295,1.2099,76.0339,74.6273,77.2889,76.4925,77.3145,76.0008,76.3747,73.3879,80.1316,78.8858,74.9781,73.8591,23.9661,25.3727,22.7111,23.5075,22.6855,23.9992,23.6253,26.6121,19.8684,21.1142,25.0219,26.1409,0.0,0.0,0.0,0.0,0.0,0.0
Sikkim,age_10_13,11,39.1934,41.2261,41.6965,14.2857,51.2545,11.1111,0.7865,0.3541,1.1973,0.3254,1.7045,0.4512,1.2987,0.0,4.3098,0.5127,0.5525,0.1654,4.1487,4.5849,4.6218,4.8692,5.5533,5.2058,12.5,6.6667,14.1538,9.5823,10.0,6.25,95.8513,95.4151,95.3782,95.1308,94.4467,94.7942,87.5,93.3333,85.8462,90.4177,90.0,93.75,7.5604,6.2775,6.6399,28.5714,3.5842,0.0
Sikkim,age_14_17,11,10.2698,14.4511,12.1055,0.0,11.0345,11.7647,14.2905,3.3987,20.6407,4.6109,19.9337,3.9261,11.6883,4.5977,29.4191,5.5751,8.8398,0.4963,3.5271,3.5873,3.9799,3.4277,5.4628,4.1642,0.0,0.0,11.0429,14.1104,5.5556,0.0,96.4729,96.4127,96.0201,96.5723,94.5372,95.8358,100.0,100.0,88.9571,85.8896,94.4444,100.0,36.3549,32.711,34.2501,33.3333,31.7241,41.1765
Sikkim,age_18_21,11,10.8942,13.065,10.9256,25.0,14.4828,0.0,33.126,22.5246,32.5309,25.0831,34.5705,24.2609,37.6623,16.092,37.664,33.3867,17.1271,9.6774,4.1757,4.2153,4.5822,3.3594,6.5384,5.0133,20.0,0.0,14.2012,20.4545,0.0,0.0,95.8243,95.7847,95.4178,96.6406,93.4616,94.9867,80.0,100.0,85.7988,79.5455,100.0,100.0,25.7216,25.1412,25.6226,0.0,17.931,0.0
Sikkim,age_22_25,11,12.8095,15.4956,12.9491,8.3333,13.3721,2.439,18.6711,27.35,14.7943,26.2185,16.1183,29.5277,27.2727,28.7356,10.0562,31.4322,37.0166,53.2672,8.1873,5.1557,7.6745,4.7837,7.7547,4.999,7.6923,0.0,19.6262,19.4649,10.8696,2.0576,91.8127,94.8443,92.3255,95.2163,92.2453,95.001,92.3077,100.0,80.3738,80.5351,89.1304,97.9424,16.4922,16.9385,17.409,0.0,16.5698,2.439
Sikkim,age_26_29,11,14.7118,16.7032,13.2992,0.0,13.7097,2.5641,7.6076,16.1174,6.4641,15.8405,6.3348,17.0172,2.5974,32.1839,3.8726,11.8552,14.9171,24.7312,11.8013,7.6055,13.1704,7.2236,12.755,6.0295,0.0,12.5,27.0588,17.6166,18.75,2.1429,88.1987,92.3945,86.8296,92.7764,87.245,93.9705,100.0,87.5,72.9412,82.3834,81.25,97.8571,16.0964,17.4342,16.2433,5.8824,15.7258,7.6923
Sikkim,age_30_33,11,16.5606,21.7936,16.2157,0.0,22.6027,0.0,3.4272,9.2631,3.0697,8.5503,2.3618,8.1782,2.5974,2.2989,1.1868,5.6713,0.5525,2.4814,17.3279,9.0909,18.3143,9.965,18.9231,7.099,25.0,11.1111,42.0635,17.3979,8.3333,2.4038,82.6721,90.9091,81.6857,90.035,81.0769,92.901,75.0,88.8889,57.9365,82.6021,91.6667,97.5962,16.3061,16.1524,16.5164,0.0,11.6438,3.0303
Sikkim,age_34_plus,11,23.6886,26.1905,23.6099,7.1429,21.5385,1.4493,1.8328,6.3865,1.7068,6.8818,1.2866,4.9311,0.0,5.7471,0.3748,2.339,1.105,0.6617,53.704,27.4392,49.5728,25.0518,52.3711,24.0078,19.2308,11.9403,51.7804,31.8966,11.5385,4.4601,46.296,72.5608,50.4272,74.9482,47.6289,75.9922,80.7692,88.0597,48.2196,68.1034,88.4615,95.5399,14.195,15.0412,14.6699,14.2857,15.3846,14.4928
Sikkim,age_below10,11,93.6811,94.2875,94.488,100.0,95.1691,90.0,1.4014,0.8322,1.3374,0.9,1.5504,0.8104,0.0,0.0,1.9988,0.8651,0.5525,0.9926,68.3292,69.2979,69.576,70.2164,69.5648,70.2,75.0,65.5172,74.5387,72.2222,72.973,72.9167,31.6708,30.7021,30.424,29.7836,30.4352,29.8,25.0,34.4828,25.4613,27.7778,27.027,27.0833,0.0,0.0,0.0,0.0,0.0,0.0
Arunachal Pradesh,age_10_13,12,47.8366,45.1729,44.2196,39.3939,41.5385,33.3333,0.7976,0.2235,1.2143,0.4652,1.4687,0.3947,0.9852,0.6024,2.5513,0.4513,0.3876,0.0471,21.0949,15.4479,21.6966,18.4173,19.5769,15.3266,31.25,24.3243,23.2516,19.616,21.0526,15.3846,78.9051,84.5521,78.3034,81.5827,80.4231,84.6734,68.75,75.6757,76.7484,80.384,78.9474,84.6154,5.2831,7.2844,7.1444,12.1212,6.6272,10.0
Arunachal Pradesh,age_14_17,12,10.652,10.7551,10.0166,6.6667,9.5775,9.375,14.1362,3.4621,13.959,3.342,15.9143,2.3947,17.2414,4.2169,18.4759,2.9673,11.2403,0.1886,21.6547,14.9151,16.1417,11.179,18.1161,13.5,16.6667,16.129,22.4891,18.2343,15.7895,2.6316,78.3453,85.0849,83.8583,88.821,81.8839,86.5,83.3333,83.871,77.5109,81.7657,84.2105,97.3684,35.978,34.3721,35.2204,36.6667,32.6761,40.625
Arunachal Pradesh,age_18_21,12,8.8602,6.5135,8.4792,6.6667,8.1006,6.25,44.1156,31.1152,45.9971,34.3454,45.7974,26.1042,45.3202,31.3253,41.2206,27.54,34.8837,10.8439,34.6143,20.7471,21.2074,11.854,26.0318,17.9932,25.0,6.25,28.2565,22.2798,15.7895,0.0,65.3857,79.2529,78.7926,88.146,73.9682,82.0068,75.0,93.75,71.7435,77.7202,84.2105,100.0,28.228,25.7016,23.213,13.3333,17.8771,18.75
Arunachal Pradesh,age_22_25,12,10.8734,6.686,8.6929,10.5263,9.058,5.8824,15.8788,32.1803,12.8535,30.0614,14.4614,32.4549,11.33,27.7108,13.5735,32.0935,25.5814,57.2843,43.3462,25.9883,27.6941,15.1376,31.0544,19.0364,50.0,16.6667,34.6488,24.8054,17.7419,1.5831,56.6538,74.0117,72.3059,84.8624,68.9456,80.9636,50.0,83.3333,65.3512,75.1946,82.2581,98.4169,21.7468,22.466,21.3216,31.5789,20.0483,11.7647
Arunachal Pradesh,age_26_29,12,13.612,7.8713,9.4316,0.0,10.2069,0.0,4.6409,12.6759,3.5964,11.6091,4.4218,16.0236,2.9557,10.8434,4.5189,14.987,8.9147,23.2438,50.4974,30.8593,41.0936,20.1353,38.0978,20.5422,37.5,25.9259,41.7203,23.6308,11.3208,1.4986,49.5026,69.1407,58.9064,79.8647,61.9022,79.4578,62.5,74.0741,58.2797,76.3692,88.6792,98.5014,23.0439,22.3312,22.1029,25.0,21.3793,19.1489
Arunachal Pradesh,age_30_33,12,13.9029,9.9262,10.593,15.3846,13.3333,0.0,1.4784,6.2567,1.2101,5.7676,1.5273,8.7527,1.9704,5.4217,1.6508,7.4935,1.938,2.7346,57.78,32.7698,51.5867,25.7811,42.6313,21.8578,51.8519,24.0,44.0895,25.7991,2.381,1.2146,42.22,67.2302,48.4133,74.2189,57.3687,78.1422,48.1481,76.0,55.9105,74.2009,97.619,98.7854,24.7379,22.2254,20.2387,23.0769,24.0,12.1951
Arunachal Pradesh,age_34_plus,12,20.6753,14.8384,12.4066,3.5714,12.0976,9.2105,0.8408,3.2851,0.6388,3.1406,0.6323,4.2371,0.4926,4.2169,0.8004,3.5006,1.1628,0.3772,78.2807,51.1473,78.7869,52.671,57.981,30.2752,76.2712,36.2832,59.9609,32.8719,41.5385,4.6385,21.7193,48.8527,21.2131,47.329,42.019,69.7248,23.7288,63.7168,40.0391,67.1281,58.4615,95.3615,18.8412,20.0455,18.06,17.8571,23.2195,17.1053
Arunachal Pradesh,age_below10,12,95.5304,93.4207,94.8022,100.0,92.2813,86.3636,0.8891,0.74,1.2343,0.9687,1.2692,0.9157,0.0,3.012,1.4674,1.3811,0.7752,0.7072,79.852,78.3691,80.4337,79.5368,78.4189,77.3801,81.4815,82.6087,80.264,79.611,79.0476,79.8077,20.148,21.6309,19.5663,20.4632,21.5811,22.6199,18.5185,17.3913,19.736,20.389,20.9524,20.1923,0.0,0.0,0.0,0.0,0.0,0.0
Nagaland,age_10_13,13,42.1053,36.7568,39.5864,18.6813,50.2949,25.0,0.8738,0.0997,0.3491,0.1421,1.7652,0.3609,1.6438,0.1435,2.9727,0.3632,1.4493,0.0,17.5799,15.6818,13.0837,12.4794,12.5448,11.3993,6.1856,9.4828,42.2103,35.3928,4.0,11.7647,82.4201,84.3182,86.9163,87.5206,87.4552,88.6007,93.8144,90.5172,57.7897,64.6072,96.0,88.2353,3.6011,8.131,8.6624,14.2857,5.7287,8.3333
Nagaland,age_14_17,13,7.5949,7.7311,10.3198,4.6512,15.8784,0.0,10.1942,1.5952,8.2402,1.3548,18.2793,2.2693,11.5068,2.439,26.2236,2.6723,6.7633,0.089,12.7072,10.989,9.8864,9.1624,11.991,11.9904,7.5269,6.1856,37.7715,30.4096,14.2857,9.5238,87.2928,89.011,90.1136,90.8376,88.009,88.0096,92.4731,93.8144,62.2285,69.5904,85.7143,90.4762,40.8228,43.6075,43.2623,43.0233,36.8243,44.4444
Nagaland,age_18_21,13,4.0,6.6098,8.166,0.0,16.0677,0.0,28.6408,15.5533,32.6361,15.3506,38.0986,20.1557,35.6164,15.208,37.4031,22.7969,31.8841,6.4057,17.2185,8.1081,11.3616,10.1746,14.9848,13.459,5.4054,9.0909,43.3533,31.0174,20.0,0.0,82.7815,91.8919,88.6384,89.8254,85.0152,86.541,94.5946,90.9091,56.6467,68.9826,80.0,100.0,21.6,27.3836,24.4087,11.4286,22.1987,25.0
Nagaland,age_22_25,13,6.6406,6.8203,8.7434,2.0,11.685,3.0303,20.8738,26.7198,21.4339,27.643,16.9984,32.2695,30.411,38.4505,12.135,29.2831,36.2319,58.8078,15.5116,12.4309,13.1492,10.8915,19.6385,12.4683,6.5421,5.102,45.4251,29.1708,10.8108,0.8264,84.4884,87.5691,86.8508,89.1085,80.3615,87.5317,93.4579,94.898,54.5749,70.8292,89.1892,99.1736,21.875,23.1271,21.7994,11.0,23.2007,18.1818
Nagaland,age_26_29,13,8.8889,7.1551,8.4083,0.9259,11.7978,0.0,8.6408,20.0399,9.8164,20.7946,6.1766,19.5924,6.3014,27.5466,4.1087,17.9279,8.2126,20.6406,16.9742,8.8816,15.7139,11.4659,23.5247,12.4517,5.2632,4.4248,48.105,28.6688,9.6154,1.1364,83.0258,91.1184,84.2861,88.5341,76.4753,87.5483,94.7368,95.5752,51.895,71.3312,90.3846,98.8636,24.0,24.2746,22.0934,8.3333,25.4682,12.766
Nagaland,age_30_33,13,10.3896,7.8576,9.922,1.0101,15.5425,0.0,3.7864,13.1605,3.9851,13.7087,2.0945,10.7887,0.9589,6.7432,1.6775,11.0266,2.8986,3.8256,18.5185,11.9565,18.5617,12.7983,28.263,13.6593,9.1743,4.5872,56.0567,30.3371,9.7561,1.7341,81.4815,88.0435,81.4383,87.2017,71.737,86.3407,90.8257,95.4128,43.9433,69.6629,90.2439,98.2659,28.5714,24.9623,22.3857,8.0808,22.434,10.8108
Nagaland,age_34_plus,13,16.1383,15.4638,14.2159,9.1928,16.5985,2.3529,2.6214,10.2692,1.931,9.0432,0.9234,6.0824,0.5479,2.8694,0.8812,6.3824,1.4493,1.2456,46.118,25.4848,40.0976,24.5963,41.8798,19.4809,12.2047,5.6537,66.9549,42.1023,15.0,2.5701,53.882,74.5152,59.9024,75.4037,58.1202,80.5191,87.7953,94.3463,33.0451,57.8977,85.0,97.4299,19.3084,23.9801,21.4916,13.2287,20.0327,11.7647
Nagaland,age_below10,13,91.7949,93.7859,93.7649,84.8485,89.4796,93.75,1.7476,0.5982,1.3847,0.6863,2.0664,0.8312,1.5068,1.2912,2.548,0.8735,0.4831,0.8897,77.9661,76.8987,76.4806,76.3122,77.5906,75.3822,69.3023,73.0435,86.6767,84.8571,79.4872,81.5217,22.0339,23.1013,23.5194,23.6878,22.4094,24.6178,30.6977,26.9565,13.3233,15.1429,20.5128,18.4783,0.0,0.0,0.0,0.0,0.0,0.0
Manipur,age_10_13,14,30.2083,29.045,30.5162,17.4603,41.9365,15.7895,0.3934,0.2122,0.5136,0.2704,0.4397,0.169,1.2526,0.0,0.9724,0.2221,0.9677,0.0,15.0442,11.3573,18.4248,17.5055,8.3417,7.0877,5.9701,10.2941,21.4778,15.7855,5.0,17.5,84.9558,88.6427,81.5752,82.4945,91.6583,92.9123,94.0299,89.7059,78.5222,84.2145,95.0,82.5,10.7639,13.6514,13.6155,20.6349,10.4892,13.1579
Manipur,age_14_17,14,6.8,4.6037,2.8188,0.0,7.9777,4.1667,10.0328,1.9095,8.5018,1.6995,8.7122,1.3918,8.977,1.1211,16.5271,2.6171,4.8387,0.8143,10.7143,5.4201,13.2518,11.5341,5.5273,3.9874,9.8361,5.7692,21.4598,11.5666,7.6923,3.0303,89.2857,94.5799,86.7482,88.4659,94.4727,96.0126,90.1639,94.2308,78.5402,88.4334,92.3077,96.9697,40.4,42.4989,49.3726,49.0909,43.2551,45.8333
Manipur,age_18_21,14,3.9474,3.2464,2.3853,0.0,5.3278,0.0,30.0328,19.2362,31.3233,16.8812,29.6312,15.822,38.4134,11.8834,41.6993,23.2725,36.4516,11.4007,13.6364,12.5749,16.7212,13.8695,7.6252,4.4093,12.9032,4.3478,28.1278,12.6769,15.7895,0.0,86.3636,87.4251,83.2788,86.1305,92.3748,95.5907,87.0968,95.6522,71.8722,87.3231,84.2105,100.0,28.9474,24.8791,29.7775,22.2222,39.5532,25.0
Manipur,age_22_25,14,5.6667,3.821,1.9439,0.0,4.7178,0.0,17.6393,25.7426,21.1621,27.3203,21.4526,27.7136,27.1399,36.9955,13.7222,33.3187,24.8387,35.8306,17.5824,11.0465,20.7198,15.8379,9.5312,4.6113,9.2308,6.9444,32.927,13.1562,3.8462,4.4944,82.4176,88.9535,79.2802,84.1621,90.4688,95.3887,90.7692,93.0556,67.073,86.8438,96.1538,95.5056,23.0,19.5579,28.3561,10.1695,38.3079,16.0
Manipur,age_26_29,14,5.1724,4.8972,1.7865,1.5385,4.2215,5.8824,11.4098,17.1146,10.1318,19.0957,11.4332,20.6435,5.2192,31.1659,3.8611,17.1894,9.3548,26.2215,25.8786,11.831,26.1283,18.0812,12.2623,5.4089,5.7971,5.7143,41.0991,13.6583,7.2727,0.6494,74.1214,88.169,73.8717,81.9188,87.7377,94.5911,94.2029,94.2857,58.9009,86.3417,92.7273,99.3506,20.6897,19.8691,25.3692,7.6923,36.2649,7.8431
Manipur,age_30_33,14,3.3333,5.7836,2.201,0.0,5.3416,2.0,5.7705,11.7397,4.626,12.4791,5.5547,13.8205,1.8789,6.7265,1.4139,9.0521,2.9032,8.1433,32.3308,17.2996,30.6119,20.4261,15.3718,6.2408,6.25,1.4925,48.4041,15.1406,15.2542,3.1008,67.6692,82.7004,69.3881,79.5739,84.6282,93.7592,93.75,98.5075,51.5959,84.8594,84.7458,96.8992,15.0,21.7285,22.5755,8.3333,34.1118,16.0
Manipur,age_34_plus,14,4.0892,11.12,4.7563,3.3784,8.4576,1.3986,2.9508,10.5375,2.6773,9.2643,2.5589,9.429,0.8351,3.5874,0.7536,4.8581,0.9677,3.2573,44.4215,24.7805,51.285,31.542,44.45,15.7651,11.3772,5.1136,75.2252,26.6461,25.1309,6.3361,55.5785,75.2195,48.715,68.458,55.55,84.2349,88.6228,94.8864,24.7748,73.3539,74.8691,93.6639,17.4721,23.1452,22.3101,15.8784,31.4198,13.986
Manipur,age_below10,14,91.6129,88.566,91.8875,93.3333,92.6187,84.6154,1.377,1.273,0.7934,0.6992,1.0433,0.8254,0.8351,0.4484,1.1646,0.7939,1.9355,0.8143,77.8887,76.1408,78.3512,78.223,76.2456,76.0751,78.1022,77.2727,79.1516,78.4531,77.3913,74.1935,22.1113,23.8592,21.6488,21.777,23.7544,23.9249,21.8978,22.7273,20.8484,21.5469,22.6087,25.8065,0.0,0.0,0.0,0.0,0.0,0.0
Mizoram,age_10_13,15,69.1848,28.2445,33.3333,46.6667,51.2748,20.0,1.166,0.3104,0.1626,0.1166,0.618,0.1604,3.3333,0.0,1.6956,0.3737,0.0,0.0,40.8685,24.986,2.5474,2.3451,6.7052,5.79,25.0,11.7647,23.9224,23.2358,0.0,14.2857,59.1315,75.014,97.4526,97.6549,93.2948,94.21,75.0,88.2353,76.0776,76.7642,100.0,85.7143,2.7407,11.8948,11.6481,6.6667,8.7819,0.0
Mizoram,age_14_17,15,36.8891,5.2504,10.5556,6.25,23.8434,,18.7315,5.8379,6.152,0.9863,11.9817,1.2069,6.6667,0.0,22.0024,2.4165,6.25,0.6024,48.3862,24.9573,1.5133,1.2932,7.3359,4.9356,11.1111,21.7391,25.0667,19.3344,100.0,0.0,51.6138,75.0427,98.4867,98.7068,92.6641,95.0644,88.8889,78.2609,74.9333,80.6656,0.0,100.0,22.6484,51.1649,44.3056,43.75,36.6548,
Mizoram,age_18_21,15,34.214,6.3822,8.2011,28.5714,20.0,0.0,51.4552,42.7477,34.5195,19.8619,38.9753,19.9764,45.0,31.0345,38.9584,23.1938,46.875,17.4699,63.2881,33.4135,2.2904,1.5011,9.7852,4.7081,30.0,0.0,32.7731,14.2566,25.0,50.0,36.7119,66.5865,97.7096,98.4989,90.2148,95.2919,70.0,100.0,67.2269,85.7434,75.0,50.0,21.7966,26.1467,17.4603,28.5714,23.75,0.0
Mizoram,age_22_25,15,38.5289,7.8819,8.4623,22.2222,19.6382,0.0,11.3593,27.8226,20.2726,29.89,20.933,35.2688,15.0,31.0345,13.7667,30.0448,18.75,40.3614,68.0172,37.3344,2.9706,1.8719,11.2637,5.0025,52.6316,28.5714,32.4607,13.4656,0.0,6.6667,31.9828,62.6656,97.0294,98.1281,88.7363,94.9975,47.3684,71.4286,67.5393,86.5344,100.0,93.3333,17.2796,28.2791,19.6078,11.1111,23.7726,10.0
Mizoram,age_26_29,15,41.6593,10.0048,7.8206,16.6667,18.4211,33.3333,2.6564,8.6817,8.7261,17.8416,7.6356,20.8541,6.6667,8.6207,4.9657,16.1933,12.5,28.3133,71.604,38.3067,3.6734,2.2551,12.0183,4.5171,20.0,30.0,33.463,14.4697,25.0,0.0,28.396,61.6933,96.3266,97.7449,87.9817,95.4829,80.0,70.0,66.537,85.5303,75.0,100.0,15.3575,28.4207,22.0021,16.6667,23.0994,0.0
Mizoram,age_30_33,15,44.6381,11.8072,10.0998,25.0,21.147,0.0,1.0062,3.8252,3.8006,10.1785,2.8509,9.0809,1.6667,12.069,2.3819,9.1181,3.125,5.4217,74.2136,39.9674,3.589,2.4371,11.9649,4.5098,60.0,0.0,32.9327,14.647,25.0,4.5455,25.7864,60.0326,96.411,97.5629,88.0351,95.4902,40.0,100.0,67.0673,85.353,75.0,95.4545,15.6836,30.4148,22.4439,75.0,26.5233,16.6667
Mizoram,age_34_plus,15,52.5097,36.2676,18.3723,44.4444,38.331,11.1111,0.7664,2.4032,2.4029,7.6307,1.236,4.7093,0.0,1.7241,1.2515,5.8047,0.0,1.2048,86.5496,50.7433,9.0591,4.5993,21.4094,6.3975,65.3846,28.5714,33.8015,19.3053,25.0,4.1667,13.4504,49.2567,90.9409,95.4007,78.5906,93.6025,34.6154,71.4286,66.1985,80.6947,75.0,95.8333,13.7452,19.6724,18.616,0.0,16.4074,11.1111
Mizoram,age_below10,15,97.663,94.4168,92.9795,100.0,95.4819,100.0,1.3165,0.8662,0.5689,0.4707,0.7974,0.5233,6.6667,1.7241,0.8882,0.4983,0.0,0.0,85.8451,81.89,73.1779,73.1332,75.1489,71.8663,76.0,74.5763,79.6319,81.5237,72.0,70.5882,14.1549,18.11,26.8221,26.8668,24.8511,28.1337,24.0,25.4237,20.3681,18.4763,28.0,29.4118,0.0,0.0,0.0,0.0,0.0,0.0
Tripura,age_10_13,16,48.8145,35.9663,33.8519,34.4828,39.0103,31.25,0.9345,0.1107,0.9315,0.2038,1.6448,0.0947,2.0661,0.0,3.6832,0.1965,0.5952,0.0,7.9627,5.0097,5.2126,4.1972,4.1315,3.245,3.3333,3.7037,2.5101,2.8923,11.1111,3.7037,92.0373,94.9903,94.7874,95.8028,95.8685,96.755,96.6667,96.2963,97.4899,97.1077,88.8889,96.2963,3.0588,6.8133,5.6291,10.3448,3.5001,12.5
Tripura,age_14_17,16,17.239,7.6082,7.1787,6.6667,8.6348,25.0,19.655,2.7149,14.0189,2.1267,19.8294,1.6048,15.7025,3.4043,30.6921,3.4052,11.9048,0.0,12.0242,4.8163,5.5479,3.4105,4.8161,2.892,11.7647,3.3333,3.2817,3.1294,4.7619,15.0,87.9758,95.1837,94.4521,96.5895,95.1839,97.108,88.2353,96.6667,96.7183,96.8706,95.2381,85.0,36.1035,46.8299,48.7501,46.6667,42.2968,45.0
Tripura,age_18_21,16,22.518,10.365,10.5152,5.5556,15.1308,0.0,45.5392,31.84,47.919,28.0071,37.9601,18.7128,41.7355,16.5957,34.9792,24.6672,46.4286,14.1805,18.1818,6.3378,8.103,4.6078,7.3628,3.455,14.2857,12.5,5.9255,4.8922,0.0,7.6923,81.8182,93.6622,91.897,95.3922,92.6372,96.545,85.7143,87.5,94.0745,95.1078,100.0,92.3077,29.6578,30.5109,30.5198,27.7778,30.4669,20.0
Tripura,age_22_25,16,25.8914,12.7809,13.1683,8.3333,21.8661,25.0,12.1368,33.0145,14.9011,35.731,12.9444,29.8547,16.9421,40.4255,7.12,32.0802,17.8571,45.3039,23.5962,9.3876,10.7363,4.981,7.972,3.8949,14.2857,10.5263,8.3466,5.6789,6.6667,6.7416,76.4038,90.6124,89.2637,95.019,92.028,96.1051,85.7143,89.4737,91.6534,94.3211,93.3333,93.2584,18.7797,25.9076,25.5371,13.8889,22.978,25.0
Tripura,age_26_29,16,30.214,15.9893,16.4948,15.1515,28.7732,21.875,3.3174,14.1683,4.0117,15.8581,4.4847,20.603,4.5455,15.3191,1.6263,17.4307,7.1429,26.8877,32.0308,13.3035,13.2955,5.6515,9.7403,4.9115,10.8108,2.6316,14.4915,8.5974,8.5714,1.1905,67.9692,86.6965,86.7045,94.3485,90.2597,95.0885,89.1892,97.3684,85.5085,91.4026,91.4286,98.8095,16.9374,26.0384,24.6546,18.1818,19.6699,9.375
Tripura,age_30_33,16,28.8407,17.8285,18.4336,20.8333,34.0312,5.8824,0.9195,6.6412,1.2272,7.2679,1.6173,13.952,0.4132,8.0851,0.5943,10.2186,0.5952,6.0773,35.6963,15.9512,16.5357,5.5461,10.9241,5.3445,17.2414,4.1667,21.0953,10.6468,15.0,5.6818,64.3037,84.0488,83.4643,94.4539,89.0759,94.6555,82.7586,95.8333,78.9047,89.3532,85.0,94.3182,18.1366,26.3021,24.6388,12.5,17.0917,23.5294
Tripura,age_34_plus,16,36.8749,29.5508,29.8292,20.0,47.7797,29.8507,0.3185,3.0538,0.5594,2.9903,0.5898,7.543,0.4132,7.234,0.293,5.4378,0.5952,1.4733,60.6872,31.495,39.0701,15.3257,27.8168,12.0391,21.0526,9.5745,47.6201,25.6449,30.2083,4.4156,39.3128,68.505,60.9299,84.6743,72.1832,87.9609,78.9474,90.4255,52.3799,74.3551,69.7917,95.5844,11.0996,16.9223,17.5197,16.6667,8.8445,13.4328
Tripura,age_below10,16,97.3145,94.5338,96.9313,100.0,97.1808,89.4737,1.0487,0.6745,0.9635,0.6758,0.9967,0.7242,1.6529,1.2766,1.1468,0.8047,0.5952,1.105,74.4428,74.1536,72.4262,73.2734,72.3135,72.2067,69.3548,70.6522,72.0308,72.4725,69.3548,74.6667,25.5572,25.8464,27.5738,26.7266,27.6865,27.7933,30.6452,29.3478,27.9692,27.5275,30.6452,25.3333,0.0,0.0,0.0,0.0,0.0,0.0
Meghalaya,age_10_13,17,52.5667,52.5913,43.0557,53.3333,56.8029,38.7931,1.1508,0.5784,0.7313,0.5509,1.2196,0.4806,1.3605,0.0,2.9941,0.3399,0.534,0.0,17.7365,15.68,12.024,15.0711,11.9904,11.2133,6.25,13.3333,26.7962,31.1706,7.2,3.0303,82.2635,84.32,87.976,84.9289,88.0096,88.7867,93.75,86.6667,73.2038,68.8294,92.8,96.9697,5.5441,5.9603,8.1479,13.3333,4.6757,9.4828
Meghalaya,age_14_17,17,14.1711,17.8907,11.9443,10.5263,16.1449,12.3967,8.9643,1.5424,8.9507,1.7297,12.2857,1.8326,10.8844,4.023,28.1012,3.3131,9.8798,1.218,12.0,10.8647,8.0378,11.6154,11.5754,9.4512,5.0,8.6957,27.5195,30.7471,6.2016,2.3622,88.0,89.1353,91.9622,88.3846,88.4246,90.5488,95.0,91.3043,72.4805,69.2529,93.7984,97.6378,39.0374,33.0858,41.0483,36.8421,34.4997,40.4959
Meghalaya,age_18_21,17,7.7465,16.3942,10.3879,11.1111,13.8129,7.6923,35.4936,19.473,40.2015,23.821,37.2375,18.3279,39.4558,18.9655,37.6591,30.1467,42.8571,21.9245,13.4146,9.7222,11.3138,13.4963,16.22,11.0948,18.1818,9.0909,37.5844,34.0611,8.4507,2.7397,86.5854,90.2778,88.6862,86.5037,83.78,88.9052,81.8182,90.9091,62.4156,65.9389,91.5493,97.2603,30.9859,26.1857,25.4459,11.1111,26.098,40.0
Meghalaya,age_22_25,17,9.0411,20.0632,10.2903,12.5,13.9906,7.4627,15.324,27.7635,15.2127,31.8535,15.6656,28.4496,21.7687,32.1839,6.5063,33.2057,16.4219,39.8295,11.1922,9.3617,15.2324,16.4586,19.1689,11.8556,7.6923,9.5238,44.5771,37.4319,11.8421,9.7403,88.8078,90.6383,84.7676,83.5414,80.8311,88.1444,92.3077,90.4762,55.4229,62.5681,88.1579,90.2597,16.7123,19.758,19.384,4.1667,20.3955,27.6119
Meghalaya,age_26_29,17,14.0152,23.8388,11.59,13.6364,14.879,3.937,6.4204,16.0026,5.0526,14.9645,5.8803,19.2776,4.7619,22.9885,1.6826,14.3936,4.9399,21.8027,19.2661,9.0909,20.3478,19.8541,24.6912,13.6502,18.5185,20.0,52.4063,40.7413,19.1083,10.4294,80.7339,90.9091,79.6522,80.1459,75.3088,86.3498,81.4815,80.0,47.5937,59.2587,80.8917,89.5706,21.5909,18.2845,20.2594,0.0,20.585,25.1969
Meghalaya,age_30_33,17,12.2449,26.108,12.5043,12.5,17.0848,6.9767,2.4228,11.1183,2.0159,7.7993,2.1238,12.5075,1.3605,6.8966,0.6302,6.6154,0.9346,5.3593,22.8346,16.7722,24.1277,22.3828,29.2962,15.6371,15.7895,4.5455,55.7026,43.9827,25.2174,5.6911,77.1654,83.2278,75.8723,77.6172,70.7038,84.3629,84.2105,95.4545,44.2974,56.0173,74.7826,94.3089,18.3673,18.1419,21.086,0.0,21.7443,19.7674
Meghalaya,age_34_plus,17,19.3443,34.0286,18.0361,5.0,25.7165,16.8724,1.5748,7.6478,1.1843,5.2386,0.9371,7.8523,0.0,4.5977,0.3487,3.2665,0.1335,2.5579,40.3131,22.4359,41.9797,31.77,45.4501,23.018,13.9785,13.0435,73.0761,52.1215,43.75,14.2857,59.6869,77.5641,58.0203,68.23,54.5499,76.982,86.0215,86.9565,26.9239,47.8785,56.25,85.7143,17.7049,14.5902,18.526,13.75,17.4994,13.1687
Meghalaya,age_below10,17,89.2989,93.021,92.8322,100.0,92.9475,94.2308,1.1508,0.964,1.4716,1.2521,1.4986,1.0546,1.3605,0.0,2.9397,1.5063,0.534,0.4872,82.1004,80.439,80.4722,81.2567,76.0199,76.3411,77.193,83.0769,83.0347,83.2358,76.7857,74.2958,17.8996,19.561,19.5278,18.7433,23.9801,23.6589,22.807,16.9231,16.9653,16.7642,23.2143,25.7042,0.0,0.0,0.0,0.0,0.0,0.0
Assam,age_10_13,18,30.1217,39.6564,27.0171,17.6796,37.4201,23.3696,0.7147,0.0935,0.6765,0.1729,0.7817,0.1092,1.2132,0.1739,1.4558,0.0957,0.6468,0.0592,10.445,8.1494,15.337,13.1804,9.7155,7.6432,4.4855,1.8204,15.4971,18.0813,5.641,4.0816,89.555,91.8506,84.663,86.8196,90.2845,92.3568,95.5145,98.1796,84.5029,81.9187,94.359,95.9184,11.359,7.703,12.9192,14.5028,7.6996,15.2174
Assam,age_14_17,18,5.2499,10.8237,6.441,1.2802,10.1532,3.3929,11.6685,1.2542,11.7735,1.3052,12.6929,1.039,11.2094,1.2845,22.5957,1.5977,8.224,0.5476,10.7256,7.2346,16.7498,12.884,10.8439,7.7158,2.0891,1.4981,16.0109,20.2311,3.4483,2.9369,89.2744,92.7654,83.2502,87.116,89.1561,92.2842,97.9109,98.5019,83.9891,79.7689,96.5517,97.0631,54.0636,43.2926,51.6987,49.2176,45.9117,48.0357
Assam,age_18_21,18,7.0466,11.0923,7.3173,2.122,14.0549,3.5714,39.1905,16.2733,41.5818,19.2896,39.0552,14.3548,39.6942,13.3128,46.4052,24.6831,36.1116,9.8268,12.3524,10.0534,23.6143,15.9275,15.3828,9.2574,4.0712,1.9608,26.7039,23.389,4.9608,2.5862,87.6476,89.9466,76.3857,84.0725,84.6172,90.7426,95.9288,98.0392,73.2961,76.611,95.0392,97.4138,32.3316,32.8763,28.1441,4.5093,27.3545,17.3077
Assam,age_22_25,18,7.6329,13.3008,8.0619,1.9005,17.0696,4.6512,17.276,27.9427,16.3406,32.784,16.7507,27.3595,24.7441,38.4265,7.0584,35.2686,22.8054,36.8655,16.744,8.5379,31.0369,19.047,19.0074,10.3326,3.913,1.7361,34.9652,27.2287,7.6836,3.0875,83.256,91.4621,68.9631,80.953,80.9926,89.6674,96.087,98.2639,65.0348,72.7713,92.3164,96.9125,28.0017,26.4715,26.7807,6.6063,24.2498,15.0551
Assam,age_26_29,18,10.1266,15.6659,9.0973,0.755,19.484,4.2341,5.8824,19.5217,5.2383,17.2883,5.9881,19.6314,5.1182,24.9933,1.7009,16.2478,7.2815,24.6411,23.2436,11.927,39.2674,24.2067,23.6042,13.1933,2.6939,1.9344,44.2171,34.236,8.3333,2.8159,76.7564,88.073,60.7326,75.7933,76.3958,86.8067,97.3061,98.0656,55.7829,65.764,91.6667,97.1841,30.0389,26.0068,28.5807,6.0403,25.3542,20.2989
Assam,age_30_33,18,10.2767,17.2517,10.2475,0.4617,20.2324,3.3873,2.3227,13.874,2.1424,10.0638,2.2959,15.8083,1.0615,9.0848,0.6724,9.2351,2.3101,12.4612,27.4032,14.319,45.6445,28.6423,27.5485,15.3501,2.6954,1.5447,50.4189,37.2223,8.9812,2.3628,72.5968,85.681,54.3555,71.3577,72.4515,84.6499,97.3046,98.4553,49.5811,62.7777,91.0188,97.6372,26.8775,25.0231,27.7929,8.4026,24.7195,18.9985
Assam,age_34_plus,18,18.7659,25.4451,19.8023,7.1869,31.3738,8.53,1.0995,8.53,0.9545,5.9348,0.8185,10.4473,0.417,3.1309,0.2948,5.3496,0.5175,6.4526,49.4804,23.2544,62.0531,39.3153,45.4837,23.5866,7.5199,2.3052,70.8106,47.2286,17.1045,6.318,50.5196,76.7456,37.9469,60.6847,54.5163,76.4134,92.4801,97.6948,29.1894,52.7714,82.8955,93.682,22.4979,19.5662,23.0329,17.7413,18.9675,20.7687
Assam,age_below10,18,92.9114,93.6518,92.7689,89.7959,94.411,93.8838,1.45,0.9815,1.6456,1.08,1.5181,1.03,1.289,1.4584,1.957,1.1226,1.1273,1.0212,73.4899,72.9896,76.4869,75.9998,73.3085,72.8813,72.2065,71.913,78.2753,78.4379,73.1747,70.6096,26.5101,27.0104,23.5131,24.0002,26.6915,27.1187,27.7935,28.087,21.7247,21.5621,26.8253,29.3904,0.0,0.0,0.0,0.0,0.0,0.0
West Bengal,age_10_13,19,27.8119,38.3637,26.4929,19.8455,36.3826,24.1007,0.8443,0.3159,1.4348,0.1767,2.6143,0.1634,1.217,0.1815,4.1346,0.2322,1.2519,0.2353,3.1932,3.1487,6.8218,6.3585,5.9487,5.1784,3.1088,3.0522,9.2514,11.7488,4.248,3.8284,96.8068,96.8513,93.1782,93.6415,94.0513,94.8216,96.8912,96.9478,90.7486,88.2512,95.752,96.1716,11.8213,8.5847,12.5784,15.3892,8.2746,11.8106
West Bengal,age_14_17,19,6.0817,11.077,8.0199,2.1352,11.8253,3.3277,14.261,2.6299,17.556,2.2582,26.7788,2.0987,11.2985,1.0948,35.1877,3.9731,13.718,1.2088,3.688,2.9475,8.5712,6.9559,7.5571,5.7894,2.487,1.9289,10.9983,13.6258,4.882,3.6986,96.312,97.0525,91.4288,93.0441,92.4429,94.2106,97.513,98.0711,89.0017,86.3742,95.118,96.3014,46.4205,41.5951,46.0585,45.0771,41.2224,46.5877
West Bengal,age_18_21,19,7.6427,12.5918,11.3194,3.8418,16.2384,5.0428,35.1597,21.9361,36.9013,22.3149,35.882,20.6301,36.4429,13.3643,36.173,31.6445,36.2421,13.7195,5.5357,3.298,13.6595,8.9091,11.8394,7.2736,3.8043,3.2937,16.8474,16.0733,5.4005,4.564,94.4643,96.702,86.3405,91.0909,88.1606,92.7264,96.1957,96.7063,83.1526,83.9267,94.5995,95.436,24.8056,27.137,22.8617,10.1695,24.8172,13.7012
West Bengal,age_22_25,19,10.3215,14.9812,14.0549,3.7372,20.8257,4.4163,16.8683,27.2679,13.4484,30.4991,10.0692,30.9712,24.67,35.4983,5.6672,33.6959,18.8642,33.1194,7.9368,4.6282,20.1509,11.404,16.1604,9.1343,4.2846,2.542,23.1836,20.5513,7.594,4.5685,92.0632,95.3718,79.8491,88.596,83.8396,90.8657,95.7154,97.458,76.8164,79.4487,92.406,95.4315,23.5167,21.587,22.018,7.5154,21.8329,12.8264
West Bengal,age_26_29,19,12.645,17.0311,16.9552,2.8861,26.0224,4.7337,6.7144,16.7496,4.9881,17.3563,3.1427,19.4033,5.8581,25.1007,1.2051,13.7414,5.8814,22.6038,12.5052,6.4734,27.0434,15.4056,20.8276,12.1692,5.1073,2.7449,31.5683,26.7239,7.9646,4.9896,87.4948,93.5266,72.9566,84.5944,79.1724,87.8308,94.8927,97.2551,68.4317,73.2761,92.0354,95.0104,24.4421,21.6273,22.3921,7.8393,20.1212,14.645
West Bengal,age_30_33,19,14.6136,17.0537,18.6616,4.0409,30.4919,6.4374,2.8753,10.8214,1.9123,10.2163,1.0906,11.8733,1.5212,9.6375,0.4364,6.3985,1.6248,11.2751,16.6182,7.6631,31.5726,18.1113,24.6028,14.3468,6.0884,3.1355,39.7519,31.2619,9.5694,5.6623,83.3818,92.3369,68.4274,81.8887,75.3972,85.6532,93.9116,96.8645,60.2481,68.7381,90.4306,94.3377,25.2566,21.7436,22.3957,8.4369,18.7519,14.1093
West Bengal,age_34_plus,19,23.0267,20.8658,25.5058,8.1063,40.2145,9.8699,1.5132,6.725,0.911,5.402,0.4002,5.7567,0.5466,3.2333,0.2013,2.8181,0.5967,4.7871,44.3761,20.3246,46.5406,27.2837,42.3665,21.6222,13.294,4.8409,64.1986,42.5187,20.559,9.1939,55.6239,79.6754,53.4594,72.7163,57.6335,78.3778,86.706,95.1591,35.8014,57.4813,79.441,90.8061,20.4473,20.1592,20.5258,12.9485,15.9869,17.5522
West Bengal,age_below10,19,92.1265,94.6519,92.898,93.0968,94.2316,89.4834,1.0064,0.9081,0.9674,0.9561,1.1663,1.1014,1.0571,1.3614,1.1719,1.0105,1.1667,1.289,67.9839,67.6583,71.2604,71.5218,71.3293,71.2442,69.6007,70.4721,74.3025,74.6824,71.556,69.7807,32.0161,32.3417,28.7396,28.4782,28.6707,28.7558,30.3993,29.5279,25.6975,25.3176,28.444,30.2193,0.0,0.0,0.0,0.0,0.0,0.0
Jharkhand,age_10_13,20,40.5063,45.0437,41.2259,30.4668,46.2203,31.3065,1.7801,0.269,0.6777,0.1529,2.9472,0.4394,1.3623,0.2382,2.5675,0.3498,1.0079,0.1086,11.9777,8.2386,10.1492,8.9855,10.5653,7.6456,5.3488,2.9126,12.4185,10.441,3.8183,3.5304,88.0223,91.7614,89.8508,91.0145,89.4347,92.3544,94.6512,97.0874,87.5815,89.559,96.1817,96.4696,5.6962,6.7149,7.1125,12.5307,6.732,9.397
Jharkhand,age_14_17,20,5.6818,7.3675,6.1705,0.4338,9.8262,2.2202,18.7435,1.9216,9.4243,1.3712,29.3409,4.6903,12.0193,1.1193,30.9719,3.975,11.5158,1.034,6.7138,7.767,9.7449,7.1901,13.8311,8.1007,3.9583,2.5586,16.1065,12.0632,2.6126,2.898,93.2862,92.233,90.2551,92.8099,86.1689,91.8993,96.0417,97.4414,83.8935,87.9368,97.3874,97.102,35.9848,36.4352,38.6983,45.1193,33.1269,41.1193
Jharkhand,age_18_21,20,4.878,5.562,6.3917,1.3636,11.1613,0.9213,35.9686,19.9462,39.8455,21.4657,42.1708,39.1911,40.8921,15.1465,43.9828,40.645,39.7867,14.1136,10.219,13.8889,15.2738,9.1539,25.9053,10.5929,7.9498,4.9057,28.6459,15.0336,3.163,2.3352,89.781,86.1111,84.7262,90.8461,74.0947,89.4071,92.0502,95.0943,71.3541,84.9664,96.837,97.6648,16.2602,19.8043,18.0363,7.2727,16.5794,10.9715
Jharkhand,age_22_25,20,7.4349,6.1797,8.0382,2.3173,14.115,1.8118,12.5131,22.7517,17.2755,34.6254,6.8878,31.1638,23.5333,36.1276,6.031,32.9938,21.2787,34.6896,20.8824,9.828,20.6617,10.9465,35.4538,13.832,7.1192,1.8081,38.7398,18.5123,4.7244,2.2222,79.1176,90.172,79.3383,89.0535,64.5462,86.168,92.8808,98.1919,61.2602,81.4877,95.2756,97.7778,13.7546,15.2095,16.7578,4.2781,14.5995,8.8684
Jharkhand,age_26_29,20,6.0606,6.6247,9.4709,1.9332,16.694,1.8009,4.8691,26.2875,6.1951,15.6276,1.45,9.523,4.7462,26.3396,1.1442,8.6059,5.3172,25.2598,27.5862,9.291,26.5915,14.1913,44.0047,18.5134,7.9288,3.3386,47.7473,23.6288,5.9444,3.6727,72.4138,90.709,73.4085,85.8087,55.9953,81.4866,92.0712,96.6614,52.2527,76.3712,94.0556,96.3273,16.4502,18.3096,18.6335,8.7873,15.371,11.213
Jharkhand,age_30_33,20,10.3659,7.1759,10.3438,1.1696,18.5406,2.2337,1.8325,7.3405,2.7882,9.6654,0.4315,4.2006,0.7251,8.7402,0.3913,3.8527,1.3585,11.0841,29.0043,9.5238,31.3578,16.3004,51.3114,22.2658,8.3929,2.0619,55.6762,27.5458,5.3248,3.7406,70.9957,90.4762,68.6422,83.6996,48.6886,77.7342,91.6071,97.9381,44.3238,72.4542,94.6752,96.2594,16.4634,19.4761,17.9757,5.2632,14.9918,10.7698
Jharkhand,age_34_plus,20,8.402,9.6139,12.1545,5.1736,20.6052,4.555,1.466,11.4143,1.0369,4.5255,0.1338,1.475,0.1978,1.9052,0.1465,1.5718,0.3895,3.5465,49.3745,13.7915,49.6167,27.0282,69.162,34.9842,11.7849,4.3326,73.1748,39.2742,15.5323,6.2565,50.6255,86.2085,50.3833,72.9718,30.838,65.0158,88.2151,95.6674,26.8252,60.7258,84.4677,93.7435,14.9918,16.2391,16.7911,11.0914,14.6696,15.2816
Jharkhand,age_below10,20,93.2692,94.552,95.6633,93.871,95.4922,95.094,1.9895,0.7302,1.3396,0.9337,1.7587,1.1222,1.0108,1.3813,1.5719,1.0108,1.0177,1.2614,75.2675,76.7296,76.51,76.3197,75.2566,74.7398,69.9321,74.2727,76.7695,76.2805,72.1919,70.5757,24.7325,23.2704,23.49,23.6803,24.7434,25.2602,30.0679,25.7273,23.2305,23.7195,27.8081,29.4243,0.0,0.0,0.0,0.0,0.0,0.0
Odisha,age_10_13,21,19.5029,34.7826,24.8471,20.9302,26.4272,27.8481,1.1918,0.0913,0.5712,0.1208,0.9148,0.1178,0.7339,0.0395,1.2698,0.1102,0.5553,0.1649,8.2456,8.2942,14.5573,10.6186,9.2126,7.0293,3.2154,2.6471,6.8613,6.9445,5.8122,4.2735,91.7544,91.7058,85.4427,89.3814,90.7874,92.9707,96.7846,97.3529,93.1387,93.0555,94.1878,95.7265,13.1931,7.6403,11.853,13.289,12.4057,10.6013
Odisha,age_14_17,21,4.4061,7.2042,5.669,1.0453,5.8811,2.7182,20.2871,1.0956,12.9438,1.6393,17.8666,1.3001,11.5963,0.8304,18.1924,1.1817,10.0879,0.8244,4.918,3.6765,19.138,10.6782,12.1588,7.1684,4.3333,2.9032,8.8207,7.7408,2.7816,3.2043,95.082,96.3235,80.862,89.3218,87.8412,92.8316,95.6667,97.0968,91.1793,92.2592,97.2184,96.7957,44.8276,43.3351,44.771,43.554,44.4543,42.7754
Odisha,age_18_21,21,7.5117,8.0624,7.1375,2.8777,6.7003,1.897,41.3868,17.4985,45.1616,27.3898,45.4429,22.2339,41.9083,13.6022,44.7641,19.1243,38.6087,12.5474,14.8,4.7273,28.4343,13.4974,17.9597,8.3914,4.1379,1.8072,12.2554,8.4007,6.3452,2.439,85.2,95.2727,71.5657,86.5026,82.0403,91.6086,95.8621,98.1928,87.7446,91.5993,93.6548,97.561,18.3099,25.0876,26.7764,7.1942,29.5772,14.6341
Odisha,age_22_25,21,9.1727,8.7254,8.5245,1.2136,8.5653,3.2874,10.5092,36.3968,14.7939,36.4558,12.9977,35.8376,23.5596,37.5247,12.9124,35.2795,22.6284,32.399,12.4409,4.9708,34.7404,15.9402,21.8586,9.7813,4.4084,2.2472,14.9785,9.6212,7.2763,3.0928,87.5591,95.0292,65.2596,84.0598,78.1414,90.2187,95.5916,97.7528,85.0215,90.3788,92.7237,96.9072,19.6043,24.8372,27.4203,7.0388,26.9832,11.1347
Odisha,age_26_29,21,11.8712,10.2034,11.7396,2.0619,12.1918,3.7756,3.0336,20.1765,3.8566,13.4803,2.8498,18.6343,4.2569,26.3741,2.6086,19.7473,5.5221,25.3421,16.6107,4.9917,41.8931,21.5883,27.1713,12.995,3.7221,3.3175,19.8824,11.8171,10.0873,4.0698,83.3893,95.0083,58.1069,78.4117,72.8287,87.005,96.2779,96.6825,80.1176,88.1829,89.9127,95.9302,19.3159,24.7383,23.3007,8.5052,21.3779,14.2395
Odisha,age_30_33,21,14.2857,11.7824,15.6085,1.0724,16.7754,3.8557,0.8938,7.608,1.3991,7.1797,0.6859,9.1693,0.844,7.3942,0.8007,10.7075,1.3111,12.465,24.1667,9.6429,48.8096,25.9617,33.7044,15.8043,7.2139,2.3641,26.2338,14.1495,10.5673,4.7427,75.8333,90.3571,51.1904,74.0383,66.2956,84.1957,92.7861,97.6359,73.7662,85.8505,89.4327,95.2573,14.8352,21.6995,18.4198,10.1877,17.1316,14.1791
Odisha,age_34_plus,21,32.2827,15.7255,26.9874,8.5714,26.7285,6.9611,0.2979,3.1041,0.4804,2.6449,0.1856,2.4984,0.1101,1.5817,0.2441,3.553,0.401,3.2317,54.2994,23.2752,67.0395,41.5562,56.8492,27.4409,16.1677,4.9025,47.5652,22.4949,21.9483,8.523,45.7006,76.7248,32.9605,58.4438,43.1508,72.5591,83.8323,95.0975,52.4348,77.5051,78.0517,91.477,10.2197,16.6048,11.2908,14.5455,11.1883,13.3701
Odisha,age_below10,21,94.1748,95.1489,95.0177,95.3846,94.2514,94.6565,1.4085,1.4912,0.7761,0.8063,0.9295,0.9603,1.1009,1.5026,0.913,1.1511,1.2186,1.1871,74.7549,75.1315,75.4733,75.4682,73.949,73.9577,71.9828,71.224,73.227,73.4714,72.8028,72.2674,25.2451,24.8685,24.5267,24.5318,26.051,26.0423,28.0172,28.776,26.773,26.5286,27.1972,27.7326,0.0,0.0,0.0,0.0,0.0,0.0
Chhattisgarh,age_10_13,22,27.7404,35.8092,41.2901,21.6971,33.3063,28.8191,1.4148,0.3517,0.7706,0.1462,3.6584,1.0819,0.9124,0.1282,2.1232,0.3338,0.8336,0.1772,2.357,1.4203,3.8592,3.4151,7.5189,6.0263,1.4815,1.4092,4.3624,4.2232,1.6136,2.0275,97.643,98.5797,96.1408,96.5849,92.4811,93.9737,98.5185,98.5908,95.6376,95.7768,98.3864,97.9725,8.7851,5.7379,4.1288,10.58,8.6772,8.8566
Chhattisgarh,age_14_17,22,1.49,3.1282,6.3576,0.3173,3.7429,1.9483,14.8907,2.5298,10.9977,1.7936,25.7542,6.6901,9.6012,0.9437,19.8702,2.8031,9.8873,0.9121,2.0434,1.4851,4.482,3.5756,10.25,6.4,0.6828,1.0821,4.7219,3.9879,2.172,1.7761,97.9566,98.5149,95.518,96.4244,89.75,93.6,99.3172,98.9179,95.2781,96.0121,97.828,98.2239,48.5739,48.5701,44.8276,42.4643,44.7227,44.0417
Chhattisgarh,age_18_21,22,1.6484,2.8453,6.7654,0.6289,3.5968,1.5018,38.7527,23.1877,43.3764,30.2347,42.6641,43.5388,37.7019,12.3027,42.4427,28.0422,39.9778,14.25,2.6738,1.8122,7.5291,4.7479,15.7031,7.56,1.1399,0.9416,6.9471,5.0513,1.5652,2.1898,97.3262,98.1878,92.4709,95.2521,84.2969,92.44,98.8601,99.0584,93.0529,94.9487,98.4348,97.8102,23.8619,27.5529,30.7073,2.7254,26.8203,10.7774
Chhattisgarh,age_22_25,22,1.976,3.5388,7.7495,0.4255,3.9164,1.3984,14.6068,31.4974,15.9376,31.5853,6.623,28.0402,30.5265,40.3623,12.4048,33.4567,24.6651,37.2876,3.5915,1.9759,11.1664,5.6965,22.5301,9.2604,1.1094,0.5637,9.5101,5.6536,3.0886,1.6038,96.4085,98.0241,88.8336,94.3035,77.4699,90.7396,98.8906,99.4363,90.4899,94.3464,96.9114,98.3962,24.8137,23.9333,27.7086,3.2495,24.3801,9.4959
Chhattisgarh,age_26_29,22,2.8025,4.3359,10.1718,0.4747,5.6294,1.7272,4.9304,18.9563,6.4964,15.38,1.3017,8.0352,6.0806,29.1664,2.9669,16.1567,5.4062,25.5082,4.862,2.4358,17.6224,8.9502,32.0584,13.7208,1.4809,1.1019,13.95,7.3319,4.5103,2.9627,95.138,97.5642,82.3776,91.0498,67.9416,86.2792,98.5191,98.8981,86.05,92.6681,95.4897,97.0373,24.4642,23.7665,26.4313,4.7073,23.1746,11.2795
Chhattisgarh,age_30_33,22,5.2015,5.5278,14.2359,0.6813,7.8379,2.3693,1.5,10.3347,2.2251,8.2524,0.325,2.8114,0.9929,7.6833,0.9319,7.8606,1.0263,9.8405,8.7567,2.9781,24.3902,12.2263,43.2448,17.6927,1.5648,1.3183,19.8257,8.5861,5.0018,3.0774,91.2433,97.0219,75.6098,87.7737,56.7552,82.3073,98.4352,98.6817,80.1743,91.4139,94.9982,96.9226,21.9048,22.2454,23.9041,5.9046,20.5856,11.5457
Chhattisgarh,age_34_plus,22,17.2203,8.9662,23.6445,7.1085,16.9754,5.2265,0.4968,3.7947,0.7927,3.0845,0.1128,0.8537,0.1825,1.7592,0.3087,3.022,0.2939,2.8198,35.7483,10.756,49.5775,29.1996,70.3357,34.6005,5.7121,2.028,40.8604,14.9161,15.1601,7.0609,64.2517,89.244,50.4225,70.8004,29.6643,65.3995,94.2879,97.972,59.1396,85.0839,84.8399,92.9391,17.5427,17.576,16.3545,13.3702,16.7117,13.9849
Chhattisgarh,age_below10,22,97.4409,97.014,97.5861,96.9478,95.7389,96.5339,1.0031,0.8735,1.3745,0.7328,1.8225,0.9895,0.8319,1.2408,1.0862,0.9352,0.9203,1.204,71.4071,71.0776,72.3869,72.8119,74.858,74.5083,70.5395,70.9895,73.8603,73.6878,71.0009,69.9391,28.5929,28.9224,27.6131,27.1881,25.142,25.4917,29.4605,29.0105,26.1397,26.3122,28.9991,30.0609,0.0,0.0,0.0,0.0,0.0,0.0
Madhya Pradesh,age_10_13,23,27.3788,33.5833,36.9819,19.1652,37.718,30.6285,2.6356,0.5719,1.3586,0.4276,4.39,1.1841,1.372,0.1946,2.5492,0.4751,1.0872,0.2502,3.8556,3.8294,9.9716,8.3211,8.7433,7.4774,2.1519,2.1488,8.3232,8.3139,6.0655,4.9052,96.1444,96.1706,90.0284,91.6789,91.2567,92.5226,97.8481,97.8512,91.6768,91.6861,93.9345,95.0948,8.7009,7.5506,5.8466,13.886,7.1566,10.3099
Madhya Pradesh,age_14_17,23,3.8207,4.4916,7.0739,0.9817,7.9567,4.2136,19.5302,3.8339,12.8511,3.1274,28.3104,8.4138,12.4475,1.5567,23.2659,3.8244,11.2706,1.6467,4.535,3.8204,11.8519,8.3291,11.9483,8.2565,1.2067,1.3387,10.2973,9.962,6.2207,4.5965,95.465,96.1796,88.1481,91.6709,88.0517,91.7435,98.7933,98.6613,89.7027,90.038,93.7793,95.4035,47.3383,40.9802,42.1938,40.3059,38.6392,40.1544
Madhya Pradesh,age_18_21,23,3.5686,4.2207,6.3747,0.4401,6.7165,3.1746,42.5644,33.0059,35.4709,29.1051,43.6132,49.781,38.651,18.2443,45.8329,37.8796,43.155,24.6556,7.0034,5.1945,15.0059,8.9629,21.2283,9.9887,1.0733,1.324,15.1355,11.7758,8.6957,5.7593,92.9966,94.8055,84.9941,91.0371,78.7717,90.0113,98.9267,98.676,84.8645,88.2242,91.3043,94.2407,26.3448,15.0069,29.5146,5.9468,27.5178,14.9369
Madhya Pradesh,age_22_25,23,4.5059,3.4345,7.364,0.348,7.145,3.0142,9.6532,30.4563,17.7363,23.1982,5.664,21.9585,24.3619,36.6125,8.5014,32.0859,21.2616,35.1675,11.2187,6.3849,17.6721,10.6664,30.6835,12.8739,1.6606,1.429,20.9472,12.9973,10.9177,5.6951,88.7813,93.6151,82.3279,89.3336,69.3165,87.1261,98.3394,98.571,79.0528,87.0027,89.0823,94.3049,22.5405,12.1383,24.7802,5.3624,24.206,12.4876
Madhya Pradesh,age_26_29,23,6.7546,3.3537,9.5343,0.4511,8.5284,3.0634,2.3553,13.2514,8.8217,19.0231,1.1578,6.0291,5.7754,25.0548,1.7351,10.2978,4.4931,19.4247,15.7752,7.9041,20.8436,12.712,40.6788,18.1848,1.8757,1.5739,27.7015,16.0942,14.8378,7.5958,84.2248,92.0959,79.1564,87.288,59.3212,81.8152,98.1243,98.4261,72.2985,83.9058,85.1622,92.4042,21.9591,11.5959,22.1382,6.686,21.9935,11.5834
Madhya Pradesh,age_30_33,23,9.7751,3.4347,11.8994,0.579,10.6624,4.1164,0.6686,6.3227,2.5864,10.4824,0.2612,2.1341,0.8192,7.2309,0.518,4.3479,0.9957,6.3677,21.0163,8.4723,23.1133,13.6217,48.8252,22.3158,2.216,1.7221,35.7716,19.1434,17.5258,8.9124,78.9837,91.5277,76.8867,86.3783,51.1748,77.6842,97.784,98.2779,64.2284,80.8566,82.4742,91.0876,22.2517,10.6349,20.29,9.0288,20.4624,11.1422
Madhya Pradesh,age_34_plus,23,23.9732,4.368,16.627,5.75,16.5529,5.1539,0.1724,2.0233,0.935,3.6697,0.0899,0.616,0.1719,1.4111,0.193,1.5324,0.3136,1.7182,53.8502,20.0929,28.7389,17.4141,68.4227,35.6256,8.0078,2.6101,57.636,27.7587,26.7676,14.8044,46.1498,79.9071,71.2611,82.5859,31.5773,64.3744,91.9922,97.3899,42.364,72.2413,73.2324,85.1956,15.4748,9.4356,15.8422,14.7091,16.2108,12.3373
Madhya Pradesh,age_below10,23,94.8586,95.9941,95.6917,95.1205,95.0632,95.2381,1.2824,1.1551,1.4516,1.1623,1.9243,1.0666,1.1431,1.338,1.4173,1.1026,1.1307,1.2893,71.4036,71.3742,74.5693,73.8714,74.0424,74.1312,71.2316,69.9543,74.3946,74.5859,73.5787,72.5693,28.5964,28.6258,25.4307,26.1286,25.9576,25.8688,28.7684,30.0457,25.6054,25.4141,26.4213,27.4307,0.0,0.0,0.0,0.0,0.0,0.0
Gujarat,age_10_13,24,29.8959,21.4266,25.1159,15.8612,27.086,26.3127,2.5425,0.6398,0.9131,0.3702,1.6532,0.6092,0.5231,0.1966,1.0949,0.3486,1.2579,0.6484,7.6049,4.8387,4.9662,4.199,7.1421,4.9262,1.692,1.8871,7.2072,5.6876,9.4067,6.9927,92.3951,95.1613,95.0338,95.801,92.8579,95.0738,98.308,98.1129,92.7928,94.3124,90.5933,93.0073,10.0284,12.7699,10.5102,17.2449,8.8127,11.4454
Gujarat,age_14_17,24,8.0367,4.1073,7.3546,0.6217,7.9551,5.8313,15.8172,2.2146,7.3843,1.7444,12.9933,3.5865,3.8314,0.5215,11.4497,1.6267,8.6752,1.6387,10.483,7.9698,5.9824,4.0855,9.2962,5.3043,1.2028,1.0595,8.7316,6.4069,8.6168,6.5777,89.517,92.0302,94.0176,95.9145,90.7038,94.6957,98.7972,98.9405,91.2684,93.5931,91.3832,93.4223,34.3284,40.083,34.5457,37.3332,31.1902,36.4144
Gujarat,age_18_21,24,7.7869,5.2798,8.1813,0.7506,8.5012,6.0024,44.007,29.8474,42.3444,29.1275,51.5042,39.9262,35.1847,12.454,52.0959,32.9167,42.3658,23.6015,10.6227,7.2222,8.5945,4.2919,13.8523,6.6183,1.0173,1.0753,11.8953,7.9084,13.3195,7.8969,89.3773,92.7778,91.4055,95.7081,86.1477,93.3817,98.9827,98.9247,88.1047,92.0916,86.6805,92.1031,18.6475,12.2634,15.7424,3.4411,17.1493,11.5246
Gujarat,age_22_25,24,7.6744,6.2804,9.6607,0.6652,10.4433,5.3612,12.3726,36.3312,19.0443,30.3091,11.8391,32.1918,31.8223,42.0,11.9778,37.6213,21.3347,36.5046,14.7389,8.0183,11.2953,6.2596,19.1819,8.2093,1.4423,1.341,16.5241,9.2586,13.4827,7.8043,85.2611,91.9817,88.7047,93.7404,80.8181,91.7907,98.5577,98.659,83.4759,90.7414,86.5173,92.1957,16.3566,12.9393,15.3975,3.6541,16.7313,10.2226
Gujarat,age_26_29,24,9.9907,8.2703,11.7627,0.8512,13.0151,5.8442,1.9215,12.4262,6.2131,15.9658,1.8112,8.4996,6.6789,23.9314,1.8754,10.6728,5.3228,18.1491,19.6283,7.7073,14.2761,8.197,24.4411,10.1264,1.5372,1.4797,20.8629,10.9225,13.6218,7.812,80.3717,92.2927,85.7239,91.803,75.5589,89.8736,98.4628,98.5203,79.1371,89.0775,86.3782,92.188,16.0037,11.4097,14.1239,3.9993,15.5503,8.3952
Gujarat,age_30_33,24,11.8391,9.6536,14.3402,0.9362,16.3763,6.5837,0.4804,3.9739,1.6026,6.9372,0.4004,2.4697,1.4302,6.3389,0.5621,3.7647,0.8551,5.1164,25.1935,14.1296,18.3991,10.2163,30.749,12.8194,1.7438,1.5197,25.6878,12.8336,13.459,8.7293,74.8065,85.8704,81.6009,89.7837,69.251,87.1806,98.2562,98.4803,74.3122,87.1664,86.541,91.2707,14.1379,10.3153,13.5473,4.9295,13.7301,10.057
Gujarat,age_34_plus,24,21.266,11.6344,22.6468,7.4185,27.5065,8.2828,0.1992,0.8489,0.4555,1.9975,0.1269,0.6465,0.4119,1.7515,0.1904,1.1359,0.2479,1.2025,49.0944,18.7956,30.8705,17.4894,50.3654,23.8103,5.7065,2.2358,43.5845,19.0317,22.0613,11.0574,50.9056,81.2044,69.1295,82.5106,49.6346,76.1897,94.2935,97.7642,56.4155,80.9683,77.9387,88.9426,10.2193,9.2786,10.3165,7.3941,9.3353,10.4116
Gujarat,age_below10,24,93.1343,93.3726,94.0316,94.1087,93.9631,95.0192,3.14,1.4518,2.2585,1.3289,2.4273,1.3842,1.4086,1.6765,2.1396,1.3481,1.8776,1.4854,75.4038,74.1778,70.7371,70.959,73.3154,72.2037,70.2524,69.742,73.72,73.1372,75.0954,71.7645,24.5962,25.8222,29.2629,29.041,26.6846,27.7963,29.7476,30.258,26.28,26.8628,24.9046,28.2355,0.0,0.0,0.0,0.0,0.0,0.0
Daman & Diu,age_10_13,25,12.5,18.9189,22.1686,0.0,37.8284,25.0,1.7241,1.5385,0.1105,0.0,1.3445,0.3898,2.2222,0.0,0.9903,0.2676,2.1277,0.0,0.0,0.0,2.6316,0.0,3.5493,2.6927,0.0,0.0,5.6198,5.8282,0.0,12.5,100.0,100.0,97.3684,100.0,96.4507,97.3073,100.0,100.0,94.3802,94.1718,100.0,87.5,12.5,8.1081,13.612,25.0,6.655,25.0
Daman & Diu,age_14_17,25,0.0,0.0,2.6347,10.0,4.8936,0.0,6.8966,0.0,3.0939,1.3908,14.5818,3.5249,4.4444,0.0,15.485,2.1216,6.383,1.8868,16.6667,0.0,3.3898,3.4091,3.7385,5.16,0.0,16.6667,7.1146,8.6563,25.0,0.0,83.3333,100.0,96.6102,96.5909,96.2615,94.84,100.0,83.3333,92.8854,91.3437,75.0,100.0,20.0,43.8596,42.74,30.0,40.0,0.0
Daman & Diu,age_18_21,25,0.0,3.0303,3.8999,0.0,7.1672,0.0,55.1724,18.4615,23.2044,6.9541,48.379,32.7988,36.6667,8.1395,46.7027,28.7271,38.2979,13.2075,0.0,0.0,2.9412,2.439,7.2634,7.6337,0.0,0.0,6.0897,10.7417,0.0,0.0,100.0,100.0,97.0588,97.561,92.7366,92.3663,100.0,100.0,93.9103,89.2583,100.0,100.0,0.0,6.0606,15.4046,0.0,20.8191,0.0
Daman & Diu,age_22_25,25,0.0,4.8544,5.149,0.0,8.2245,0.0,18.9655,35.3846,28.5083,22.8095,13.7617,34.7493,33.3333,39.5349,14.4497,36.8119,29.7872,28.3019,10.0,8.3333,2.8302,5.7554,11.6202,6.6272,7.1429,5.2632,11.8527,9.8186,0.0,0.0,90.0,91.6667,97.1698,94.2446,88.3798,93.3728,92.8571,94.7368,88.1473,90.1814,100.0,100.0,11.1111,3.8835,18.1562,23.0769,16.9713,0.0
Daman & Diu,age_26_29,25,5.8824,1.7699,6.5501,0.0,9.6685,0.0,6.8966,27.6923,14.6961,33.6579,2.9523,14.2755,6.6667,31.3953,3.151,15.2714,8.5106,30.1887,5.5556,4.7619,3.4188,5.0725,15.0411,6.8201,0.0,0.0,16.9725,9.9203,0.0,0.0,94.4444,95.2381,96.5812,94.9275,84.9589,93.1799,100.0,100.0,83.0275,90.0797,100.0,100.0,29.4118,5.3097,17.3776,7.6923,17.2652,0.0
Daman & Diu,age_30_33,25,0.0,5.0847,7.7982,0.0,8.9127,0.0,0.0,12.3077,4.8619,19.1933,0.7529,5.2155,0.0,11.6279,1.1254,6.8043,2.1277,11.3208,0.0,0.0,4.065,1.8692,17.7212,7.2184,7.1429,0.0,19.6275,13.3271,0.0,0.0,100.0,100.0,95.935,98.1308,82.2788,92.7816,92.8571,100.0,80.3725,86.6729,100.0,100.0,28.5714,13.5593,17.9483,0.0,18.8948,0.0
Daman & Diu,age_34_plus,25,18.1818,16.1787,20.034,3.7736,21.3007,0.0,0.0,0.0,1.2155,6.6759,0.2673,1.2932,0.0,2.3256,0.2926,2.3127,0.0,3.7736,26.6667,9.375,10.1108,4.2254,39.1003,12.8668,10.1695,0.0,31.2269,12.6727,6.0606,2.2727,73.3333,90.625,89.8892,95.7746,60.8997,87.1332,89.8305,100.0,68.7731,87.3273,93.9394,97.7273,0.0,13.4052,14.3745,9.434,10.5012,6.4516
Daman & Diu,age_below10,25,100.0,95.5556,94.6349,100.0,95.9427,100.0,6.8966,0.0,0.5525,1.1127,1.3486,1.2657,0.0,1.1628,1.1929,1.2615,2.1277,3.7736,81.8182,60.8696,71.519,65.2632,74.7491,74.2308,57.1429,73.6842,74.2471,74.6601,85.7143,70.0,18.1818,39.1304,28.481,34.7368,25.2509,25.7692,42.8571,26.3158,25.7529,25.3399,14.2857,30.0,0.0,0.0,0.0,0.0,0.0,0.0
Dadra & Nagar Haveli,age_10_13,26,31.25,30.4878,29.2741,14.7059,27.8729,33.3333,0.5917,0.0,0.6939,0.1693,1.1867,0.3108,0.8523,0.0,1.2061,0.2582,2.1739,0.0,0.0,5.2632,2.7668,0.8658,6.157,3.0393,0.0,4.4444,3.9906,5.0485,25.0,0.0,100.0,94.7368,97.2332,99.1342,93.843,96.9607,100.0,95.5556,96.0094,94.9515,75.0,100.0,18.75,5.2846,7.727,17.6471,8.313,33.3333
Dadra & Nagar Haveli,age_14_17,26,0.0,7.6233,11.0024,0.0,6.2827,0.0,22.4852,3.4483,13.6469,2.8789,17.3261,3.6465,5.1136,0.5764,17.5949,2.2956,4.3478,2.8571,0.0,8.3333,8.2305,3.653,13.54,4.5618,9.375,0.0,4.5,4.3315,0.0,10.0,100.0,91.6667,91.7695,96.347,86.46,95.4382,90.625,100.0,95.5,95.6685,100.0,90.0,50.0,45.7399,40.9788,31.0345,38.2199,28.5714
Dadra & Nagar Haveli,age_18_21,26,0.0,14.7727,10.9312,0.0,5.8824,33.3333,49.1124,30.4598,37.0085,30.398,49.6292,40.9742,42.3295,12.3919,50.5144,35.5524,41.3043,12.8571,14.2857,6.6667,19.2661,4.2017,22.9028,6.7163,7.6923,3.7037,11.3744,8.9669,0.0,0.0,85.7143,93.3333,80.7339,95.7983,77.0972,93.2837,92.3077,96.2963,88.6256,91.0331,100.0,100.0,33.3333,12.5,20.1923,0.0,17.1123,0.0
Dadra & Nagar Haveli,age_22_25,26,5.0,9.0909,10.0953,1.9231,6.0659,0.0,11.8343,39.0805,20.7402,25.3175,12.1829,31.6893,31.8182,42.3631,11.7772,35.6958,39.1304,40.0,16.6667,10.0,22.807,7.7551,29.038,7.0458,0.0,0.0,12.1766,10.7668,25.0,0.0,83.3333,90.0,77.193,92.2449,70.962,92.9542,100.0,100.0,87.8234,89.2332,75.0,100.0,22.5,10.7955,17.7095,5.7692,16.6378,0.0
Dadra & Nagar Haveli,age_26_29,26,10.5263,8.589,8.8582,0.0,12.1901,9.0909,2.9586,13.2184,6.9391,19.6444,2.2609,10.5429,6.5341,27.9539,2.9443,13.1994,2.1739,24.2857,9.5238,3.3333,27.5556,15.6398,33.5167,10.5567,0.0,0.0,15.3846,10.2881,0.0,16.6667,90.4762,96.6667,72.4444,84.3602,66.4833,89.4433,100.0,100.0,84.6154,89.7119,100.0,83.3333,31.5789,7.9755,17.1907,0.0,14.6694,0.0
Dadra & Nagar Haveli,age_30_33,26,9.5238,7.5758,9.6832,1.9608,12.1884,0.0,0.0,7.4713,1.1565,10.3302,0.4399,3.3117,0.8523,7.4928,0.2838,3.7877,2.1739,4.2857,25.0,2.381,25.4237,11.5607,39.4252,13.7962,0.0,1.8868,19.5991,9.4692,0.0,0.0,75.0,97.619,74.5763,88.4393,60.5748,86.2038,100.0,98.1132,80.4009,90.5308,100.0,100.0,4.7619,7.5758,15.4517,1.9608,17.1745,0.0
Dadra & Nagar Haveli,age_34_plus,26,22.5806,10.4034,15.6564,5.3097,21.9902,0.0,0.5917,1.1494,0.3855,2.7942,0.124,0.6594,0.0,1.1527,0.2128,0.8321,0.0,0.0,38.0,12.6582,41.2718,19.6341,66.2914,32.5219,4.6414,0.7663,35.3968,13.74,3.8462,4.1667,62.0,87.3418,58.7282,80.3659,33.7086,67.4781,95.3586,99.2337,64.6032,86.26,96.1538,95.8333,6.4516,9.1295,12.3324,7.9646,8.8452,16.0
Dadra & Nagar Haveli,age_below10,26,100.0,94.7368,94.9478,84.6154,90.9408,100.0,2.3669,1.1494,1.9275,1.5241,2.8274,1.5641,2.2727,2.0173,2.5186,1.4347,0.0,0.0,77.9221,81.0127,63.3205,68.3521,73.1529,72.2961,69.7674,68.3168,76.6856,71.8639,60.0,82.3529,22.0779,18.9873,36.6795,31.6479,26.8471,27.7039,30.2326,31.6832,23.3144,28.1361,40.0,17.6471,0.0,0.0,0.0,0.0,0.0,0.0
Maharashtra,age_10_13,27,29.6686,22.8216,31.2368,20.9493,30.5525,26.5352,1.9104,0.3786,0.6404,0.2925,1.8991,0.4207,0.8673,0.2599,1.72,0.3715,1.0869,0.3183,3.3758,2.9842,3.5777,3.4009,5.079,4.159,2.3854,2.6099,5.2326,5.1291,5.0023,4.6751,96.6242,97.0158,96.4223,96.5991,94.921,95.841,97.6146,97.3901,94.7674,94.8709,94.9977,95.3249,8.3275,11.3422,7.9189,11.3265,9.4891,10.5154
Maharashtra,age_14_17,27,3.1194,1.7628,4.1544,0.6381,4.8811,3.1361,17.2158,1.8313,5.2143,0.6603,17.9975,2.0859,8.0271,0.757,18.3763,1.834,9.0115,1.1676,3.3901,2.6843,3.0551,3.0788,5.1638,3.9212,1.6739,1.8659,5.1871,5.3371,4.9671,3.6218,96.6099,97.3157,96.9449,96.9212,94.8362,96.0788,98.3261,98.1341,94.8129,94.6629,95.0329,96.3782,44.7598,41.9394,42.6681,40.7721,39.6819,39.643
Maharashtra,age_18_21,27,3.5339,2.0911,4.5984,0.7035,5.1658,3.0409,42.8505,24.2455,25.3905,10.055,44.3385,26.5823,37.0462,12.0259,45.9843,27.4226,36.7206,15.1558,4.3805,3.0369,3.6806,3.278,7.2268,4.4909,1.7471,1.8893,6.9116,7.0402,5.7592,4.0121,95.6195,96.9631,96.3194,96.722,92.7732,95.5091,98.2529,98.1107,93.0884,92.9598,94.2408,95.9879,17.0997,7.379,14.9927,3.643,18.4763,7.6023
Maharashtra,age_22_25,27,4.8064,2.1442,5.6789,0.7213,6.3855,2.9415,10.1939,35.4373,24.4365,23.2357,10.7296,35.9242,26.8484,39.9178,10.0322,37.7352,22.6583,33.7152,6.2836,3.4926,4.5734,3.7169,10.0628,5.3672,2.0631,2.1144,9.8444,8.056,6.8271,3.8965,93.7164,96.5074,95.4266,96.2831,89.9372,94.6328,97.9369,97.8856,90.1556,91.944,93.1729,96.1035,19.1199,7.5251,16.5582,4.039,17.6952,8.0021
Maharashtra,age_26_29,27,7.1979,2.5836,7.5729,0.8374,8.9493,3.2482,2.4787,15.9006,12.9657,25.8781,2.5253,15.674,5.8118,25.364,2.054,13.4543,6.517,23.7516,9.4551,4.5454,5.6146,4.2314,14.0608,7.0326,2.2403,2.2245,14.4553,10.0751,7.578,5.2536,90.5449,95.4546,94.3854,95.7686,85.9392,92.9674,97.7597,97.7755,85.5447,89.9249,92.422,94.7464,20.1521,7.9461,16.6024,4.9418,16.3626,7.4635
Maharashtra,age_30_33,27,11.3365,3.6347,11.0368,1.2562,12.4244,3.9642,0.6976,7.3309,4.0095,18.4523,0.5994,5.6661,1.1151,6.8607,0.6006,5.1477,1.4949,8.5549,14.9802,5.9761,6.9062,4.7838,19.773,9.0463,2.4277,2.4103,19.7856,11.9824,8.6856,5.6496,85.0198,94.0239,93.0938,95.2162,80.227,90.9537,97.5723,97.5897,80.2144,88.0176,91.3144,94.3504,20.1392,8.1352,15.6786,6.1439,14.9979,7.9768
Maharashtra,age_34_plus,27,26.0583,7.5452,21.444,9.6284,23.4214,6.3962,0.2064,2.0891,1.3797,6.9098,0.1847,1.4285,0.3641,1.7417,0.2222,1.5996,0.4607,2.5055,45.5649,18.0852,13.615,7.2953,43.2354,19.3346,9.0304,3.8812,39.1844,19.5731,16.7877,8.686,54.4351,81.9148,86.385,92.7047,56.7646,80.6654,90.9696,96.1188,60.8156,80.4269,83.2123,91.314,13.5886,8.7572,10.537,8.4809,10.5385,9.9368
Maharashtra,age_below10,27,95.7103,95.1961,95.7022,96.0931,94.4527,94.563,2.2965,2.0045,2.0371,2.2069,2.4997,2.202,2.0098,2.9491,2.1439,2.1059,1.9571,2.3904,72.2852,72.2608,71.4201,71.2261,73.2157,73.1136,71.2228,70.5635,73.8627,73.9297,73.2391,72.7604,27.7148,27.7392,28.5799,28.7739,26.7843,26.8864,28.7772,29.4365,26.1373,26.0703,26.7609,27.2396,0.0,0.0,0.0,0.0,0.0,0.0
Andhra Pradesh,age_10_13,28,21.0646,18.9302,19.1773,14.9091,21.4591,20.6751,3.7146,0.5745,3.11,0.3576,4.3498,0.4751,1.048,0.3865,2.6453,0.3078,3.1873,0.8219,8.8072,5.7814,5.776,4.9258,6.4346,4.82,4.4586,2.9365,7.2016,6.8214,14.2547,10.6759,91.1928,94.2186,94.224,95.0742,93.5654,95.18,95.5414,97.0635,92.7984,93.1786,85.7453,89.3241,13.2319,17.5936,16.5543,20.1818,15.8634,17.2996
Andhra Pradesh,age_14_17,28,2.0701,2.1672,2.4122,1.0322,2.8955,3.4387,19.5828,3.6611,20.2793,2.4794,26.149,3.3143,9.9901,1.2906,21.7801,1.8132,16.2749,2.7426,10.3498,6.7073,6.3295,5.3228,8.1867,5.6272,3.2315,2.5441,8.2713,7.8104,12.3064,9.7739,89.6502,93.2927,93.6705,94.6772,91.8133,94.3728,96.7685,97.4559,91.7287,92.1896,87.6936,90.2261,30.6529,34.163,34.9021,32.6047,31.4667,32.4349
Andhra Pradesh,age_18_21,28,3.7855,2.6252,3.1575,2.1459,2.8171,3.6332,40.28,34.8541,32.0413,27.9853,36.0669,32.9014,39.6689,19.7529,39.6859,27.0563,35.3187,22.3474,14.0921,8.0255,10.6486,7.1211,14.523,7.8368,4.6059,2.7695,12.0988,9.5869,19.3863,10.8553,85.9079,91.9745,89.3514,92.8789,85.477,92.1632,95.3941,97.2305,87.9012,90.4131,80.6137,89.1447,8.5174,6.5848,7.8129,3.8627,8.1667,7.7855
Andhra Pradesh,age_22_25,28,4.8551,3.4,4.4043,0.9294,3.5534,2.8105,7.2388,31.2606,11.597,30.7871,6.7782,34.0668,22.6963,40.7551,8.225,35.821,13.9512,31.1663,23.6701,9.818,15.7157,9.8737,23.1219,11.5361,7.1401,3.2059,17.6431,12.2411,23.5382,11.7153,76.3299,90.182,84.2843,90.1263,76.8781,88.4639,92.8599,96.7941,82.3569,87.7589,76.4618,88.2847,7.1261,5.8006,7.6821,3.1263,6.9443,6.6667
Andhra Pradesh,age_26_29,28,4.8828,4.8052,6.919,1.434,4.9192,2.822,1.6764,9.2599,4.2506,15.4329,1.2772,12.0689,3.8633,16.4953,1.5526,13.5293,3.9619,16.8529,35.3535,14.8241,22.2456,14.0227,35.1398,18.8565,7.2741,3.6292,26.1732,16.358,25.8186,16.4711,64.6465,85.1759,77.7544,85.9773,64.8602,81.1435,92.7259,96.3708,73.8268,83.642,74.1814,83.5289,8.5938,5.7827,8.0081,4.2176,6.7448,5.4993
Andhra Pradesh,age_30_33,28,8.1879,5.6997,8.8445,1.2906,6.2663,3.1332,0.4667,3.7738,1.127,7.1377,0.3261,4.3512,0.6945,3.9823,0.48,5.6109,0.8725,6.104,42.7803,20.1584,26.4062,16.3378,44.0186,24.6619,8.5664,3.1431,34.9334,20.5722,25.1953,17.2131,57.2197,79.8416,73.5938,83.6622,55.9814,75.3381,91.4336,96.8569,65.0666,79.4278,74.8047,82.7869,9.5302,5.6303,8.1154,5.7839,6.6977,6.7885
Andhra Pradesh,age_34_plus,28,9.6104,7.6069,13.3964,5.3509,10.0409,4.4114,0.2857,1.1265,0.4144,2.1788,0.1524,1.209,0.2667,1.1871,0.2065,1.6796,0.4897,1.7268,73.361,40.6883,41.0208,26.4442,67.1942,43.4165,17.1769,5.8018,59.7163,32.8031,36.4367,21.8159,26.639,59.3117,58.9792,73.5558,32.8058,56.5835,82.8231,94.1982,40.2837,67.1969,63.5633,78.1841,7.1429,6.3088,7.5038,9.6147,6.1761,6.4684
Andhra Pradesh,age_below10,28,90.0531,90.6056,91.7318,90.6654,89.6528,90.2778,2.5526,1.9376,2.1854,1.9292,2.6557,1.9717,2.0092,2.8159,2.1466,2.1238,2.1991,2.8627,76.0407,75.2407,72.3283,72.4382,72.2793,72.3363,74.0216,71.8239,73.1926,73.3904,76.2091,75.4925,23.9593,24.7593,27.6717,27.5618,27.7207,27.6637,25.9784,28.1761,26.8074,26.6096,23.7909,24.5075,0.0,0.0,0.0,0.0,0.0,0.0
Karnataka,age_10_13,29,27.8786,23.11,26.2915,25.0,26.7344,24.7718,2.3147,0.2665,0.5659,0.1139,1.8551,0.1808,1.5728,0.1343,1.6029,0.1655,1.06,0.1742,8.5514,3.6774,3.1359,2.6942,5.5491,3.8999,2.4439,2.1305,4.6118,4.2593,7.2551,4.2885,91.4486,96.3226,96.8641,97.3058,94.4509,96.1001,97.5561,97.8695,95.3882,95.7407,92.7449,95.7115,11.4096,11.4343,9.6637,8.7017,10.4482,13.2986
Karnataka,age_14_17,29,4.5908,0.9649,2.7699,0.654,2.8978,2.7624,14.8338,1.5325,5.7873,0.3845,14.8197,0.8535,13.6242,0.7227,16.4861,0.8976,9.5913,0.8587,8.1296,4.3185,2.6833,2.3302,6.8607,4.6799,1.7868,1.3936,5.7164,5.4858,7.6531,5.0605,91.8704,95.6815,97.3167,97.6698,93.1393,95.3201,98.2132,98.6064,94.2836,94.5142,92.3469,94.9395,42.648,41.7515,42.5337,43.9934,40.0684,37.9834
Karnataka,age_18_21,29,3.4225,1.1168,3.6422,0.8309,3.8229,2.3866,37.8681,22.5218,29.7379,8.3496,42.4831,17.3183,42.1567,13.4306,45.6147,19.4569,37.7522,14.7729,13.1821,5.3292,3.4706,2.6779,11.1123,6.4984,2.6499,1.924,9.0352,7.7427,7.7093,5.8565,86.8179,94.6708,96.5294,97.3221,88.8877,93.5016,97.3501,98.076,90.9648,92.2573,92.2907,94.1435,12.1344,5.3205,11.0794,6.2464,13.143,6.9212
Karnataka,age_22_25,29,3.9109,1.6257,4.7525,1.4958,5.0034,3.2446,11.6725,30.2255,24.3664,23.7377,12.1058,34.7484,16.4641,36.656,10.5688,37.5633,20.6386,31.9228,16.9512,6.2463,4.6536,3.4161,15.4282,7.9172,3.5492,2.1407,12.7181,9.6553,11.4875,5.5777,83.0488,93.7537,95.3464,96.5839,84.5718,92.0828,96.4508,97.8593,87.2819,90.3447,88.5125,94.4223,8.7068,5.3102,10.8221,7.0453,11.5811,5.6572
Karnataka,age_26_29,29,5.3775,2.1055,7.1966,2.669,7.9952,3.3386,4.152,13.183,10.8213,27.3998,3.2554,20.7643,3.5021,24.2357,2.1998,18.8241,8.0587,24.8662,23.9437,7.8769,6.7587,4.6832,23.1552,11.6519,6.1875,2.9871,19.6424,13.5878,16.1892,8.7522,76.0563,92.1231,93.2413,95.3168,76.8448,88.3481,93.8125,97.0129,80.3576,86.4122,83.8108,91.2478,10.7906,6.8512,11.3624,8.0235,11.0597,7.7107
Karnataka,age_30_33,29,5.0805,2.8474,9.6644,4.0075,11.1711,3.1762,1.7338,8.1958,2.6757,20.0343,0.8259,11.7288,0.7804,11.2203,0.6226,9.3793,1.6347,11.0143,30.2701,8.907,8.094,5.1409,30.7126,15.3807,8.8072,4.1015,26.4382,16.929,17.1477,9.7561,69.7299,91.093,91.906,94.8591,69.2874,84.6193,91.1928,95.8985,73.5618,83.071,82.8523,90.2439,12.7767,7.5714,10.6949,8.2265,10.2435,6.7623
Karnataka,age_34_plus,29,11.5759,8.3224,17.3076,12.4493,19.9292,6.1109,0.8376,4.4387,0.8717,7.5414,0.2407,3.6519,0.2321,3.436,0.2036,2.9154,0.4981,3.6341,63.8167,32.7563,18.1058,9.9626,55.8903,30.625,28.8218,11.6263,49.9327,28.7204,28.565,15.9993,36.1833,67.2437,81.8942,90.0374,44.1097,69.375,71.1782,88.3737,50.0673,71.2796,71.435,84.0007,11.3467,8.5867,8.3584,8.7854,8.0189,6.769
Karnataka,age_below10,29,94.4503,95.3796,95.5277,96.7746,94.7287,93.7276,2.1796,1.794,1.7189,1.4884,2.5605,1.5421,2.4203,1.8274,2.6413,1.8471,1.9668,1.8046,73.4131,70.7248,71.6626,71.5691,73.1426,72.8459,70.9739,71.136,72.8622,72.9783,74.7626,72.1666,26.5869,29.2752,28.3374,28.4309,26.8574,27.1541,29.0261,28.864,27.1378,27.0217,25.2374,27.8334,0.0,0.0,0.0,0.0,0.0,0.0
Goa,age_10_13,30,41.3793,24.8954,28.1509,33.3333,33.5,32.1429,0.9231,0.6349,0.2317,0.2204,0.8866,0.3365,0.5797,0.0,1.8498,0.3984,0.7895,0.4219,3.3333,0.0,2.3929,1.8421,3.1672,2.4547,4.5455,4.3478,4.1394,3.6152,0.0,3.125,96.6667,100.0,97.6071,98.1579,96.8328,97.5453,95.4545,95.6522,95.8606,96.3848,100.0,96.875,3.4483,8.9406,7.4373,14.2857,6.8409,14.2857
Goa,age_14_17,30,0.0,1.0047,2.112,3.3333,5.0103,2.2727,6.7692,0.0,1.623,0.2476,5.7135,0.8966,8.6957,0.3067,14.3154,1.516,6.0526,0.8439,4.1667,0.0,1.8819,1.3103,2.6798,1.8998,3.2258,3.3333,4.2323,4.6537,2.2222,0.0,95.8333,100.0,98.1181,98.6897,97.3202,98.1002,96.7742,96.6667,95.7677,95.3463,97.7778,100.0,39.1304,39.6387,40.1696,30.0,38.2066,27.2727
Goa,age_18_21,30,0.0,2.1727,3.2084,0.0,4.4603,0.0,22.7692,6.6667,15.3719,3.654,23.7161,8.8278,31.0145,8.589,37.8982,16.4095,33.9474,10.3376,0.0,0.0,2.2651,1.7038,4.0767,3.2302,0.0,0.0,6.1925,6.2255,10.5263,6.8182,100.0,100.0,97.7349,98.2962,95.9233,96.7698,100.0,100.0,93.8075,93.7745,89.4737,93.1818,16.6667,8.872,15.3292,0.0,16.5031,5.8824
Goa,age_22_25,30,4.0816,1.3629,3.4286,0.0,6.2987,0.0,24.0,20.3175,26.9788,14.1845,23.9042,20.0296,26.6667,30.6748,16.4007,31.5765,28.9474,33.1224,2.0,1.5152,2.4292,1.7661,5.8657,3.9988,4.7619,0.0,9.5559,7.8013,2.2222,2.4,98.0,98.4848,97.5708,98.2339,94.1343,96.0012,95.2381,100.0,90.4441,92.1987,97.7778,97.6,14.2857,8.5808,15.2863,0.0,13.8503,4.5455
Goa,age_26_29,30,5.2632,1.1103,4.303,0.0,8.4836,3.7037,12.3077,24.4444,17.8159,25.6701,13.7207,22.1164,11.0145,34.0491,5.1306,20.5017,11.0526,25.1055,1.7241,3.7736,2.8711,2.5481,7.7654,4.4851,4.878,0.0,15.3166,10.356,6.8966,2.9412,98.2759,96.2264,97.1289,97.4519,92.2346,95.5149,95.122,100.0,84.6834,89.644,93.1034,97.0588,3.5088,9.6972,15.2795,5.1282,12.4881,3.7037
Goa,age_30_33,30,6.383,1.9841,5.5575,0.0,10.1807,2.0,5.5385,22.2222,6.107,27.609,5.181,22.1693,2.029,11.3497,1.7397,13.0094,2.1053,10.1266,6.0,3.2258,3.9235,2.6956,8.4894,4.8494,2.5,2.3256,18.973,12.6161,3.8462,2.7778,94.0,96.7742,96.0765,97.3044,91.5106,95.1506,97.5,97.6744,81.027,87.3839,96.1538,97.2222,14.8936,9.7691,14.962,5.1282,10.9443,0.0
Goa,age_34_plus,30,13.587,9.0497,16.6347,4.2553,16.5344,3.4632,2.1538,10.1587,2.2179,15.3351,1.5092,12.9941,1.4493,3.681,0.6604,5.1626,0.7895,6.962,17.8571,8.75,20.4633,10.0535,26.2919,10.2963,8.5603,2.4,32.7009,19.6894,9.4118,4.7337,82.1429,91.25,79.5367,89.9465,73.7081,89.7037,91.4397,97.6,67.2991,80.3106,90.5882,95.2663,8.6957,12.244,11.7537,8.0851,11.1158,9.0909
Goa,age_below10,30,95.8333,95.9216,94.9762,100.0,93.1359,100.0,1.2308,1.5873,1.3831,1.0348,1.9603,1.2984,2.8986,1.8405,2.5836,1.5025,2.8947,1.2658,66.6667,76.7123,70.4245,70.1635,72.8593,72.8611,77.9221,68.2353,74.9367,74.6232,70.7547,72.7273,33.3333,23.2877,29.5755,29.8365,27.1407,27.1389,22.0779,31.7647,25.0633,25.3768,29.2453,27.2727,0.0,0.0,0.0,0.0,0.0,0.0
Lakshadweep,age_10_13,31,,0.0,0.0,,25.1605,,,0.0,0.0,0.0,0.0,0.0,0.0,,1.3976,0.0606,0.0,0.0,,0.0,0.0,50.0,0.0,7.1429,,0.0,2.6943,2.7595,,,,100.0,100.0,50.0,100.0,92.8571,,100.0,97.3057,97.2405,,,,0.0,0.0,,3.5313,
Lakshadweep,age_14_17,31,,0.0,0.0,0.0,1.881,,,0.0,0.0,0.0,6.2992,0.656,0.0,,15.0008,0.8014,0.0,33.3333,,,0.0,0.0,0.0,0.0,0.0,,1.2953,0.9095,,0.0,,,100.0,100.0,100.0,100.0,100.0,,98.7047,99.0905,,100.0,,0.0,46.1538,100.0,48.4689,
Lakshadweep,age_18_21,31,,0.0,0.0,,2.2352,,,25.0,18.1818,6.7308,34.6457,10.7779,0.0,,40.2584,12.7012,0.0,33.3333,,,0.0,0.0,0.0,9.6774,,0.0,1.9066,1.9196,,,,,100.0,100.0,100.0,90.3226,,100.0,98.0934,98.0804,,,,0.0,0.0,,14.6744,
Lakshadweep,age_22_25,31,,0.0,0.0,,2.566,,,62.5,31.8182,25.9615,32.2835,35.0515,100.0,,15.9697,34.1572,100.0,33.3333,,0.0,0.0,0.0,7.1429,7.1111,100.0,,1.8613,1.5647,,0.0,,100.0,100.0,100.0,92.8571,92.8889,0.0,,98.1387,98.4353,,100.0,,0.0,7.6923,,21.9784,
Lakshadweep,age_26_29,31,,0.0,0.0,0.0,4.1727,,,0.0,36.3636,40.3846,14.9606,28.5848,0.0,,4.6328,28.2915,0.0,0.0,,,0.0,0.0,6.6667,5.5351,0.0,,1.8868,1.8499,,0.0,,,100.0,100.0,93.3333,94.4649,100.0,,98.1132,98.1501,,100.0,,0.0,14.2857,100.0,32.91,
Lakshadweep,age_30_33,31,,0.0,0.0,,8.9488,,,12.5,0.0,19.7115,4.7244,16.12,0.0,,1.0914,11.8527,0.0,0.0,,0.0,0.0,2.5,0.0,6.7873,,,2.9211,1.4759,,,,100.0,100.0,97.5,100.0,93.2127,,,97.0789,98.5241,,,,0.0,15.0,,32.9816,
Lakshadweep,age_34_plus,31,,6.6667,4.7059,,26.9555,0.0,,0.0,4.5455,3.8462,0.0,4.5923,0.0,,0.3564,2.7544,0.0,0.0,,20.0,0.0,1.8519,2.2989,6.4267,,,23.423,5.8076,0.0,0.0,,80.0,100.0,98.1481,97.7011,93.5733,,,76.577,94.1924,100.0,100.0,,13.3333,10.5882,,17.6895,0.0
Lakshadweep,age_below10,31,100.0,100.0,100.0,100.0,96.9902,100.0,,0.0,0.0,0.9615,0.7874,0.3749,0.0,,1.1972,0.7475,0.0,0.0,0.0,,50.0,100.0,58.3333,71.0526,50.0,66.6667,73.4889,74.7058,0.0,,100.0,,50.0,0.0,41.6667,28.9474,50.0,33.3333,26.5111,25.2942,100.0,,0.0,0.0,0.0,0.0,0.0,0.0
Kerala,age_10_13,32,30.198,21.9228,20.2505,22.2222,24.5232,20.6897,0.2606,0.2364,0.0838,0.0173,0.3021,0.0241,0.2642,0.0,1.4923,0.0349,0.2092,0.0,1.4634,3.2389,1.0799,0.9989,1.2308,1.2325,2.5,0.6494,1.2536,1.2944,1.6949,2.381,98.5366,96.7611,98.9201,99.0011,98.7692,98.7675,97.5,99.3506,98.7464,98.7056,98.3051,97.619,8.9109,9.9189,11.7342,9.4017,9.7009,15.5172
Kerala,age_14_17,32,8.0745,6.1521,6.3256,7.0312,5.8372,5.4545,5.2997,0.9456,3.0661,0.1057,6.5577,0.1537,4.8217,0.0821,24.8928,0.4542,5.0209,0.1847,1.227,0.0,0.7521,0.6755,0.8448,0.8091,0.0,0.0,0.757,0.8146,0.9009,0.7874,98.773,100.0,99.2479,99.3245,99.1552,99.1909,100.0,100.0,99.243,99.1854,99.0991,99.2126,45.9627,43.5066,42.1666,39.0625,44.5214,47.2727
Kerala,age_18_21,32,3.1746,3.5116,3.0429,3.1746,4.8737,5.5556,26.3249,6.0284,28.2867,4.3561,33.5244,4.711,31.3078,5.4187,41.413,12.3957,30.6485,8.2179,0.0,2.0408,0.743,0.662,1.0103,0.913,0.0,0.0,0.6855,0.8853,1.8182,0.0,100.0,97.9592,99.257,99.338,98.9897,99.087,100.0,100.0,99.3145,99.1147,98.1818,100.0,6.3492,2.364,4.4505,6.3492,7.0806,1.8519
Kerala,age_22_25,32,2.2857,0.6294,1.2718,0.6135,2.0816,3.125,26.8462,23.2861,32.5926,22.6201,23.9594,22.0309,27.7411,25.6158,8.9271,40.2086,26.2552,31.1173,0.5682,2.6549,0.9133,0.7779,1.3175,1.181,1.2121,0.0,0.8511,1.1147,2.2901,2.7778,99.4318,97.3451,99.0867,99.2221,98.6825,98.819,98.7879,100.0,99.1489,98.8853,97.7099,97.2222,6.2857,4.7386,9.034,7.362,15.6655,6.25
Kerala,age_26_29,32,1.6393,0.6763,1.5143,0.0,1.7188,0.6849,9.6438,31.2057,12.0845,36.4829,7.7243,33.1662,8.8507,36.3711,1.544,28.6641,8.7866,29.0859,1.0811,3.8462,1.1297,1.1814,1.8614,1.5744,2.3529,0.6944,1.0897,1.2774,2.6667,2.5157,98.9189,96.1538,98.8703,98.8186,98.1386,98.4256,97.6471,99.3056,98.9103,98.7226,97.3333,97.4843,16.3934,10.1285,16.4421,13.8554,28.8566,11.6438
Kerala,age_30_33,32,0.0,1.0867,2.1941,0.0,3.066,0.7752,2.5195,19.5035,2.3786,22.0647,2.0026,23.5081,1.7834,18.2266,0.4566,9.2819,2.3013,15.6048,2.6144,1.1696,1.4662,1.4894,2.445,1.7904,1.8293,1.4706,1.5896,1.5558,3.7313,1.3793,97.3856,98.8304,98.5338,98.5106,97.555,98.2096,98.1707,98.5294,98.4104,98.4442,96.2687,98.6207,10.0671,12.3471,18.7946,11.8012,31.6913,16.2791
Kerala,age_34_plus,32,20.1429,13.1798,16.2003,8.5766,27.7379,13.5889,0.8688,5.6738,0.8069,7.0409,0.8668,9.1835,0.5945,6.0755,0.2871,3.0474,0.6276,6.3712,11.2801,4.5524,6.229,3.7164,14.0954,6.2854,6.2447,1.7824,19.2902,7.667,9.8901,5.9669,88.7199,95.4476,93.771,96.2836,85.9046,93.7146,93.7553,98.2176,80.7098,92.333,90.1099,94.0331,12.4286,14.3918,17.6161,13.4124,17.3883,13.0662
Kerala,age_below10,32,99.3377,96.5392,96.0422,91.8605,96.6384,97.1014,0.8688,0.8274,0.9032,0.6649,0.9967,0.6769,0.9908,0.5747,1.5815,0.8104,1.2552,0.831,73.4622,72.0635,69.3927,69.5041,70.5609,70.5968,69.395,68.0233,72.7881,72.7076,76.9231,73.487,26.5378,27.9365,30.6073,30.4959,29.4391,29.4032,30.605,31.9767,27.2119,27.2924,23.0769,26.513,0.0,0.0,0.0,0.0,0.0,0.0
Tamil Nadu,age_10_13,33,10.7735,10.5445,10.5919,10.7892,12.4477,12.6649,0.4407,0.1085,0.2866,0.0463,0.9051,0.0614,0.6051,0.1473,1.0633,0.0688,0.6953,0.1351,1.3624,3.9024,1.7661,1.4685,2.3866,2.0614,1.7235,1.6087,2.4458,2.1674,2.3196,2.407,98.6376,96.0976,98.2339,98.5315,97.6134,97.9386,98.2765,98.3913,97.5542,97.8326,97.6804,97.593,20.1657,21.6065,21.3566,21.3496,20.1782,24.2744
Tamil Nadu,age_14_17,33,0.5277,0.5341,0.7697,0.5333,1.0202,0.8451,9.0508,0.6512,5.8541,0.2662,14.6792,0.6974,8.977,0.9766,16.6088,0.6171,10.3812,0.8333,1.5584,1.1601,1.3062,1.0856,2.3519,1.776,1.7222,1.3058,2.1695,1.825,2.7397,2.8384,98.4416,98.8399,98.6938,98.9144,97.6481,98.224,98.2778,98.6942,97.8305,98.175,97.2603,97.1616,34.8285,37.1138,39.0207,34.5143,39.4902,40.5634
Tamil Nadu,age_18_21,33,0.4673,0.6082,1.1857,0.2956,1.4099,1.7094,35.9322,14.6889,32.8772,8.2255,39.8351,15.3983,40.3489,17.8338,43.0069,13.3636,36.6819,12.3874,5.3097,2.2901,1.6222,1.2119,3.9139,2.4557,1.6,0.9233,3.1975,2.3908,4.4898,2.2857,94.6903,97.7099,98.3778,98.7881,96.0861,97.5443,98.4,99.0767,96.8025,97.6092,95.5102,97.7143,3.7383,7.4407,13.3708,3.1042,16.1578,8.547
Tamil Nadu,age_22_25,33,1.4028,0.9329,1.8157,0.5309,1.778,1.8613,21.1864,31.5123,26.1551,27.574,15.7613,31.8771,25.1831,41.5966,13.8864,34.7143,20.3069,31.3739,6.729,2.6279,2.711,1.7624,7.3532,3.7934,3.218,1.3835,4.7887,3.1554,8.3721,2.4823,93.271,97.3721,97.289,98.2376,92.6468,96.2066,96.782,98.6165,95.2113,96.8446,91.6279,97.5177,8.4168,10.2895,16.6592,4.3588,19.9981,12.5212
Tamil Nadu,age_26_29,33,1.9737,1.7968,3.5282,0.9737,3.0773,1.4184,7.4237,22.7207,9.5976,30.8396,4.1158,24.0333,4.8158,18.1476,2.7308,26.5094,5.1546,25.9685,8.6172,2.931,4.6046,2.8497,13.9789,6.5762,4.9762,1.7458,7.4987,4.4987,12.0125,3.7787,91.3828,97.069,95.3954,97.1503,86.0211,93.4238,95.0238,98.2542,92.5013,95.5013,87.9875,96.2213,11.1842,13.9496,19.9595,6.2895,23.8477,13.4752
Tamil Nadu,age_30_33,33,1.2438,2.8353,5.3374,0.9186,4.8734,3.252,1.6271,12.699,1.9786,17.0625,0.9483,13.0793,0.9589,7.3358,0.6915,11.2173,1.4385,12.2297,9.2551,4.3738,6.885,3.8402,21.2871,9.2054,5.4016,1.3021,10.9737,5.3299,13.0742,6.488,90.7449,95.6262,93.115,96.1598,78.7129,90.7946,94.5984,98.6979,89.0263,94.6701,86.9258,93.512,12.9353,15.432,19.8674,7.001,23.7754,9.5528
Tamil Nadu,age_34_plus,33,6.0073,7.8411,10.7702,5.2609,11.7706,5.7372,0.4407,3.2923,0.5391,5.1739,0.2737,4.2342,0.2194,2.2554,0.2358,3.6451,0.4555,4.0541,25.8958,10.4743,22.4079,11.3672,49.3186,24.5314,13.5987,3.1932,31.0209,11.6087,32.8582,13.1755,74.1042,89.5257,77.5921,88.6328,50.6814,75.4686,86.4013,96.8068,68.9791,88.3913,67.1418,86.8245,16.044,15.4158,17.7058,16.4052,18.8146,13.4825
Tamil Nadu,age_below10,33,91.7647,91.0087,90.6092,91.0734,91.0098,92.7798,1.0847,1.8813,1.0746,1.3206,1.168,1.22,1.2066,1.7322,1.1849,1.3166,0.935,1.4865,71.792,73.3333,71.3121,71.4865,71.4026,71.5016,71.2078,71.1131,72.716,72.8757,73.2367,73.3221,28.208,26.6667,28.6879,28.5135,28.5974,28.4984,28.7922,28.8869,27.284,27.1243,26.7633,26.6779,0.0,0.0,0.0,0.0,0.0,0.0
Puducherry,age_10_13,34,10.0,12.5313,12.9215,12.0,16.8054,23.0769,0.8696,0.0,0.3101,0.0573,0.8836,0.0868,1.3986,0.0,1.0399,0.0934,0.0,0.0,0.0,0.0,1.9656,2.3875,2.4386,2.5234,1.9608,0.0,2.2093,1.88,0.0,0.0,100.0,100.0,98.0344,97.6125,97.5614,97.4766,98.0392,100.0,97.7907,98.12,100.0,100.0,15.0,16.9173,16.6863,24.0,13.9516,23.0769
Puducherry,age_14_17,34,0.0,0.3778,0.5156,0.0,0.8732,0.0,9.5652,0.0,6.3412,0.3176,11.7831,0.5255,8.1585,1.7677,14.6755,0.4725,12.1622,1.0526,0.0,5.8824,1.2438,1.0736,1.5868,1.3564,0.0,0.0,1.0695,1.3037,0.0,0.0,100.0,94.1176,98.7562,98.9264,98.4132,98.6436,100.0,100.0,98.9305,98.6963,100.0,100.0,36.3636,40.2603,41.8485,36.1111,43.9501,58.3333
Puducherry,age_18_21,34,0.0,0.6359,0.7574,0.0,0.5216,0.0,22.6087,7.2072,26.9232,7.9082,34.4121,10.4348,37.5291,14.1414,41.9025,9.3621,25.6757,14.7368,11.1111,0.0,1.2559,1.2136,2.3495,1.8411,0.0,0.0,1.396,1.2121,16.6667,0.0,88.8889,100.0,98.7441,98.7864,97.6505,98.1589,100.0,100.0,98.604,98.7879,83.3333,100.0,12.5,8.1081,10.0808,0.0,10.4322,0.0
Puducherry,age_22_25,34,0.0,0.8318,1.0656,0.0,0.669,0.0,26.087,29.7297,23.2895,24.7241,19.5049,26.9733,27.5058,46.4646,15.8202,30.1577,29.7297,32.6316,0.0,3.4483,2.4913,1.3283,4.0748,2.8213,1.7857,0.0,1.9675,1.3316,0.0,6.25,100.0,96.5517,97.5087,98.6717,95.9252,97.1787,98.2143,100.0,98.0325,98.6684,100.0,93.75,0.0,10.2496,12.5585,5.4545,16.5908,0.0
Puducherry,age_26_29,34,0.0,1.4528,2.1123,0.0,1.9597,0.0,8.6957,20.7207,11.9429,30.253,7.0952,28.5603,5.8275,21.7172,3.3374,32.5861,5.4054,24.2105,4.5455,0.0,3.8292,3.089,7.2509,4.1859,0.0,0.0,2.9326,2.3627,14.2857,14.2857,95.4545,100.0,96.1708,96.911,92.7491,95.8141,100.0,100.0,97.0674,97.6373,85.7143,85.7143,0.0,14.6355,18.1843,3.0303,23.5166,0.0
Puducherry,age_30_33,34,0.0,2.6167,3.2124,1.3333,3.3294,0.0,3.4783,18.018,3.3475,19.2003,1.6897,18.2316,0.9324,5.5556,0.9311,14.4168,0.0,11.5789,11.1111,0.0,7.0481,4.1096,11.6136,5.9983,0.0,0.0,4.9566,2.6857,0.0,6.6667,88.8889,100.0,92.9519,95.8904,88.3864,94.0017,100.0,100.0,95.0434,97.3143,100.0,93.3333,31.25,16.7113,19.0202,4.0,26.0754,30.0
Puducherry,age_34_plus,34,5.7692,5.8855,8.6928,5.6,14.6115,7.8947,0.8696,7.2072,1.0655,8.0123,0.4958,6.6231,0.2331,2.0202,0.3829,4.8514,0.0,7.3684,26.7606,5.0,20.6526,8.6043,37.256,15.108,9.7473,2.3729,22.7388,6.4561,29.6296,18.3099,73.2394,95.0,79.3474,91.3957,62.744,84.892,90.2527,97.6271,77.2612,93.5439,70.3704,81.6901,25.0,18.7696,19.9289,11.6,20.4475,18.4211
Puducherry,age_below10,34,100.0,92.2663,93.2589,96.5517,94.2628,100.0,0.8696,2.7027,0.8269,0.9371,0.792,0.9227,1.1655,2.0202,0.9311,1.1263,1.3514,1.0526,90.3226,73.4694,72.4477,72.6615,72.7835,72.5612,74.5614,70.0855,73.5869,73.9778,88.0,66.6667,9.6774,26.5306,27.5523,27.3385,27.2165,27.4388,25.4386,29.9145,26.4131,26.0222,12.0,33.3333,0.0,0.0,0.0,0.0,0.0,0.0
Andaman & Nicobar Islands,age_10_13,35,21.7391,27.3823,23.5106,33.3333,25.6182,24.3243,3.3898,0.0,0.7369,0.1196,2.8616,0.1991,11.1111,0.0,1.7888,0.1526,0.8021,0.2525,4.1667,4.7619,3.318,3.4807,1.8589,1.9628,0.0,0.0,2.1297,2.0677,0.0,0.0,95.8333,95.2381,96.682,96.5193,98.1411,98.0372,100.0,100.0,97.8703,97.9323,100.0,100.0,8.6957,8.5798,10.5605,0.0,9.4955,8.1081
Andaman & Nicobar Islands,age_14_17,35,0.0,2.5859,1.7608,0.0,1.4271,0.0,5.0847,0.0,9.1065,0.9016,22.1176,1.3939,0.0,0.0,17.7788,1.4711,9.3583,0.7576,0.0,0.0,2.2038,1.7464,1.2976,0.8551,0.0,0.0,1.2085,2.058,2.5,1.8868,100.0,100.0,97.7962,98.2536,98.7024,99.1449,100.0,100.0,98.7915,97.942,97.5,98.1132,42.8571,48.0236,47.0008,0.0,45.7696,35.8974
Andaman & Nicobar Islands,age_18_21,35,0.0,1.7228,2.2878,,2.2403,0.0,37.2881,11.6667,36.4677,14.0274,37.888,16.6801,22.2222,0.0,36.7537,15.1793,33.4225,13.1313,0.0,0.0,3.5405,2.0464,2.3677,2.5036,,0.0,1.8,5.6075,0.0,0.0,100.0,100.0,96.4595,97.9536,97.6323,97.4964,,100.0,98.2,94.3925,100.0,100.0,16.6667,22.8464,22.695,,13.0346,0.0
Andaman & Nicobar Islands,age_22_25,35,0.0,3.5613,3.9862,,2.1247,2.381,18.6441,25.0,21.1234,28.9514,14.4554,33.1692,33.3333,14.2857,18.086,32.2219,27.0053,32.3232,0.0,0.0,5.7288,3.5923,5.0234,3.2421,,0.0,3.5053,6.4147,2.3256,0.0,100.0,100.0,94.2712,96.4077,94.9766,96.7579,,100.0,96.4947,93.5853,97.6744,100.0,26.6667,24.2793,23.667,,17.135,9.5238
Andaman & Nicobar Islands,age_26_29,35,9.0909,3.9658,5.4106,0.0,3.1385,1.7241,11.8644,15.0,9.2177,23.4172,4.972,25.002,33.3333,85.7143,6.486,27.4382,9.893,29.798,0.0,0.0,7.5611,4.6455,8.5365,4.3248,0.0,0.0,4.3555,7.0301,0.0,0.0,100.0,100.0,92.4389,95.3545,91.4635,95.6752,100.0,100.0,95.6445,92.9699,100.0,100.0,9.0909,30.9832,26.0901,100.0,22.8308,13.7931
Andaman & Nicobar Islands,age_30_33,35,6.25,4.4933,7.6814,33.3333,3.2798,2.0408,0.0,16.6667,3.536,13.9527,1.2052,12.2507,0.0,0.0,1.7669,12.0737,2.139,11.3636,0.0,9.0909,10.7577,5.1357,10.8602,5.8016,0.0,0.0,5.4125,5.3431,5.7692,1.7241,100.0,90.9091,89.2423,94.8643,89.1398,94.1984,100.0,100.0,94.5875,94.6569,94.2308,98.2759,25.0,32.8169,26.0826,0.0,26.8667,18.3673
Andaman & Nicobar Islands,age_34_plus,35,0.0,11.4551,15.5311,0.0,11.7606,5.5794,1.6949,10.0,1.4135,7.8954,0.4098,4.4993,0.0,0.0,0.7463,4.8927,0.5348,5.0505,32.4324,12.7273,38.1889,22.0454,35.7755,16.4873,20.0,0.0,19.4235,9.5601,10.3846,5.5046,67.5676,87.2727,61.8111,77.9546,64.2245,83.5127,80.0,100.0,80.5765,90.4399,89.6154,94.4954,28.0,24.1357,18.6843,50.0,17.8864,20.1717
Andaman & Nicobar Islands,age_below10,35,100.0,95.2352,95.7384,100.0,96.8919,88.0,0.0,1.6667,0.5283,0.3786,0.924,0.5517,0.0,0.0,0.6475,0.523,0.5348,0.5051,88.2353,75.0,73.304,73.8769,71.4222,70.7089,75.0,50.0,70.8317,72.9594,68.3544,71.6418,11.7647,25.0,26.696,26.1231,28.5778,29.2911,25.0,50.0,29.1683,27.0406,31.6456,28.3582,0.0,0.0,0.0,0.0,0.0,0.0
