state_name,age_bracket,state_code,Below_primary_share_buddhist_female,Below_primary_share_christian_female,Below_primary_share_hindu_female,Below_primary_share_jain_female,Below_primary_share_muslim_female,Below_primary_share_sikh_female,Illiteracy_rate_buddhist_female,Illiteracy_rate_buddhist_male,Illiteracy_rate_christian_female,Illiteracy_rate_christian_male,Illiteracy_rate_hindu_female,Illiteracy_rate_hindu_male,Illiteracy_rate_jain_female,Illiteracy_rate_jain_male,Illiteracy_rate_muslim_female,Illiteracy_rate_muslim_male,Illiteracy_rate_sikh_female,Illiteracy_rate_sikh_male,Literacy_rate_buddhist_female,Literacy_rate_buddhist_male,Literacy_rate_christian_female,Literacy_rate_christian_male,Literacy_rate_hindu_female,Literacy_rate_hindu_male,Literacy_rate_jain_female,Literacy_rate_jain_male,Literacy_rate_muslim_female,Literacy_rate_muslim_male,Literacy_rate_sikh_female,Literacy_rate_sikh_male,Middle_school_share_buddhist_female,Middle_school_share_christian_female,Middle_school_share_hindu_female,Middle_school_share_jain_female,Middle_school_share_muslim_female,Middle_school_share_sikh_female,CMPR_buddhist_female,CMPR_christian_female,CMPR_hindu_female,CMPR_jain_female,CMPR_muslim_female,CMPR_sikh_female,CMPR_buddhist_male,CMPR_christian_male,CMPR_hindu_male,CMPR_jain_male,CMPR_muslim_male,CMPR_sikh_male
INDIA,age_below10,0,97.277,96.0714,96.5072,96.3508,95.1018,97.3683,74.5376,74.0724,77.115,76.5939,78.3451,76.2442,69.8147,70.2542,81.5382,79.8965,72.3682,72.3616,25.4624,25.9276,22.885,23.4061,21.6549,23.7558,30.1853,29.7458,18.4618,20.1035,27.6318,27.6384,0.0,0.0,0.0,0.0,0.0,0.0,,,,,,,,,,,,
INDIA,age_10_13,0,37.372,34.4128,41.1577,24.2432,47.3565,42.5514,8.9318,5.9207,14.3094,12.3293,22.1867,12.784,1.7797,1.2856,30.0052,23.3147,11.3285,8.6647,91.0682,94.0793,85.6906,87.6707,77.8133,87.216,98.2203,98.7144,69.9948,76.6853,88.6715,91.3353,5.8034,8.9225,7.0882,12.9119,5.7851,5.782,,,,,,,,,,,,
INDIA,age_14_17,0,8.0336,8.2926,10.4522,1.6451,14.9335,5.2762,9.9364,5.94,12.3583,10.0532,23.9937,12.6788,1.554,1.1583,31.5615,23.6582,13.2288,10.3962,90.0636,94.06,87.6417,89.9468,76.0063,87.3212,98.446,98.8417,68.4385,76.3418,86.7712,89.6038,41.7801,38.8387,35.8943,40.5937,31.384,38.2232,,,,,,,,,,,,
INDIA,age_18_21,0,8.5651,6.8206,9.5143,1.8814,12.854,3.6203,14.982,6.9654,14.3333,10.4613,30.5605,14.1549,1.9911,1.4531,35.7161,24.7876,16.9787,13.1542,85.018,93.0346,85.6667,89.5387,69.4395,85.8451,98.0089,98.5469,64.2839,75.2124,83.0213,86.8458,25.3902,19.786,20.1688,8.2272,21.4448,17.576,,,,,,,,,,,,
INDIA,age_22_25,0,10.4484,6.3174,10.2386,1.6427,14.108,2.8125,21.2177,7.5561,16.092,10.4117,37.8608,15.5611,2.9848,1.4003,42.697,25.5952,23.3302,15.7267,78.7823,92.4439,83.908,89.5883,62.1392,84.4389,97.0152,98.5997,57.303,74.4048,76.6698,84.2733,22.373,16.8406,18.0985,7.1273,19.253,15.532,,,,,,,,,,,,
INDIA,age_26_29,0,15.0302,7.2973,12.8027,2.1544,17.7934,3.6677,30.0888,10.0698,19.9646,12.1637,45.2682,19.927,4.2521,1.6687,50.6247,30.0103,31.8627,20.4465,69.9112,89.9302,80.0354,87.8363,54.7318,80.073,95.7479,98.3313,49.3753,69.9897,68.1373,79.5535,20.0431,16.4442,17.0264,9.734,17.3507,16.7004,,,,,,,,,,,,
INDIA,age_30_33,0,23.4502,8.5498,15.359,2.8591,21.3613,4.5915,41.092,14.4845,22.6676,13.5382,52.1029,24.2771,5.1923,1.8894,57.3281,34.6324,38.306,24.6443,58.908,85.5155,77.3324,86.4618,47.8971,75.7229,94.8077,98.1106,42.6719,65.3676,61.694,75.3557,16.5141,17.1681,16.1789,11.8607,15.6274,17.8058,,,,,,,,,,,,
INDIA,age_34_plus,0,35.3879,19.2577,21.8764,13.5214,30.1596,6.9061,67.9674,30.3342,32.6788,19.1667,66.7924,34.5568,16.7944,3.2727,70.4346,42.1041,59.072,38.9361,32.0326,69.6658,67.3212,80.8333,33.2076,65.4432,83.2056,96.7273,29.5654,57.8959,40.928,61.0639,11.8151,14.9185,13.7338,12.3825,11.1489,15.8439,,,,,,,,,,,,
Jammu & Kashmir,age_below10,1,94.7771,96.4286,95.696,90.9091,92.2759,95.5205,76.4853,75.4902,77.1787,76.3214,76.8485,75.189,75.9563,74.5455,82.9265,79.3189,68.9699,69.7962,23.5147,24.5098,22.8213,23.6786,23.1515,24.811,24.0437,25.4545,17.0735,20.6811,31.0301,30.2038,0.0,0.0,0.0,0.0,0.0,0.0,15.2513,18.3639,17.3726,15.873,22.0797,21.2588,5.8386,10.8141,7.8584,11.8203,8.2823,9.0046
Jammu & Kashmir,age_10_13,1,43.9851,47.069,37.0936,21.1765,36.633,29.3121,18.2547,12.3551,20.5479,16.1168,18.2026,9.4045,6.5934,5.6075,40.2203,25.6327,5.2529,3.7053,81.7453,87.6449,79.4521,83.8832,81.7974,90.5955,93.4066,94.3925,59.7797,74.3673,94.7471,96.2947,5.2791,5.8621,7.478,15.2941,5.0561,10.2028,15.2513,18.3639,17.3726,15.873,22.0797,21.2588,5.8386,10.8141,7.8584,11.8203,8.2823,9.0046
Jammu & Kashmir,age_14_17,1,6.2835,9.4162,4.2401,3.4091,4.055,1.6515,16.933,10.7292,20.7463,16.3328,17.8867,8.5919,15.3846,4.1667,43.0579,23.6939,5.6705,3.4762,83.067,89.2708,79.2537,83.6672,82.1133,91.4081,84.6154,95.8333,56.9421,76.3061,94.3295,96.5238,41.3054,41.0546,45.4696,37.5,46.2454,49.5706,15.2513,18.3639,17.3726,15.873,22.0797,21.2588,5.8386,10.8141,7.8584,11.8203,8.2823,9.0046
Jammu & Kashmir,age_18_21,1,3.7809,6.2241,2.8974,5.0,3.2048,1.5267,22.7919,11.4878,21.7532,16.9399,20.5166,10.4809,9.0909,6.25,50.8297,27.9844,6.2053,4.6684,77.2081,88.5122,78.2468,83.0601,79.4834,89.5191,90.9091,93.75,49.1703,72.0156,93.7947,95.3316,32.3316,31.5353,34.1701,15.0,24.1852,25.9825,15.2513,18.3639,17.3726,15.873,22.0797,21.2588,5.8386,10.8141,7.8584,11.8203,8.2823,9.0046
Jammu & Kashmir,age_22_25,1,3.429,6.1483,2.3987,1.9048,2.6205,1.3052,32.3138,16.0307,30.0,13.2911,27.0688,10.4572,16.0,10.2941,59.9421,31.6342,8.5018,4.3361,67.6862,83.9693,70.0,86.7089,72.9312,89.5428,84.0,89.7059,40.0579,68.3658,91.4982,95.6639,25.0133,23.5081,28.9794,6.6667,20.3888,23.7012,15.2513,18.3639,17.3726,15.873,22.0797,21.2588,5.8386,10.8141,7.8584,11.8203,8.2823,9.0046
Jammu & Kashmir,age_26_29,1,4.1652,5.7082,2.9335,0.0,2.8812,1.6118,45.1713,20.5182,38.4115,12.0347,35.4567,11.7266,16.092,6.3063,71.6075,37.1454,11.8809,4.1104,54.8287,79.4818,61.5885,87.9653,64.5433,88.2734,83.908,93.6937,28.3925,62.8546,88.1191,95.8896,19.6964,17.5476,26.7518,5.4795,20.1175,26.9516,15.2513,18.3639,17.3726,15.873,22.0797,21.2588,5.8386,10.8141,7.8584,11.8203,8.2823,9.0046
Jammu & Kashmir,age_30_33,1,5.6143,6.1333,3.5808,1.2048,2.851,1.9386,60.5832,26.0405,38.7255,9.5051,43.0294,13.5227,8.7912,9.7087,78.0278,43.0619,16.0774,4.5849,39.4168,73.9595,61.2745,90.4949,56.9706,86.4773,91.2088,90.2913,21.9722,56.9381,83.9226,95.4151,18.362,17.6,23.934,4.8193,19.7841,28.1026,15.2513,18.3639,17.3726,15.873,22.0797,21.2588,5.8386,10.8141,7.8584,11.8203,8.2823,9.0046
Jammu & Kashmir,age_34_plus,1,6.9297,6.8044,5.0496,1.7544,3.4655,4.34,83.4891,49.2274,59.9708,23.4236,65.4678,30.4747,21.0162,11.6412,87.574,59.0546,41.3712,13.0507,16.5109,50.7726,40.0292,76.5764,34.5322,69.5253,78.9838,88.3588,12.426,40.9454,58.6288,86.9493,14.9571,17.74,20.206,11.9883,16.9293,26.2514,15.2513,18.3639,17.3726,15.873,22.0797,21.2588,5.8386,10.8141,7.8584,11.8203,8.2823,9.0046
Himachal Pradesh,age_below10,2,98.1828,97.7143,98.3829,96.5517,98.4656,98.2933,68.4805,67.9565,73.8416,74.9656,70.1252,70.0305,67.0455,72.4409,77.4148,74.9469,68.6087,68.288,31.5195,32.0435,26.1584,25.0344,29.8748,29.9695,32.9545,27.5591,22.5852,25.0531,31.3913,31.712,0.0,0.0,0.0,0.0,0.0,0.0,10.0109,14.7541,8.3876,15.3061,11.4295,7.951,5.2043,4.7393,3.31,0.0,5.7517,3.3201
Himachal Pradesh,age_10_13,2,42.7756,33.3333,39.9652,24.0,55.1886,35.4422,2.9163,2.5195,7.3684,7.047,3.5332,1.9514,1.9608,0.0,21.7839,11.4723,2.5173,2.0694,97.0837,97.4805,92.6316,92.953,96.4668,98.0486,98.0392,100.0,78.2161,88.5277,97.4827,97.9306,4.7161,8.3333,5.1205,10.0,3.102,6.1653,10.0109,14.7541,8.3876,15.3061,11.4295,7.951,5.2043,4.7393,3.31,0.0,5.7517,3.3201
Himachal Pradesh,age_14_17,2,7.7513,7.0866,4.3839,1.7857,10.8124,2.3977,3.6353,3.635,4.5113,10.7884,5.2568,2.6275,1.7544,0.0,29.2824,16.5655,2.9764,2.9324,96.3647,96.365,95.4887,89.2116,94.7432,97.3725,98.2456,100.0,70.7176,83.4345,97.0236,97.0676,42.2635,40.9449,41.4821,35.7143,30.293,42.5599,10.0109,14.7541,8.3876,15.3061,11.4295,7.951,5.2043,4.7393,3.31,0.0,5.7517,3.3201
Himachal Pradesh,age_18_21,2,6.4917,3.5398,3.7619,0.0,6.5925,2.4115,7.476,6.7916,11.0236,11.1675,9.0355,4.5158,5.5556,6.25,40.6132,25.9016,5.0787,3.338,92.524,93.2084,88.9764,88.8325,90.9645,95.4842,94.4444,93.75,59.3868,74.0984,94.9213,96.662,23.5497,23.0088,19.0768,0.0,21.8427,14.8455,10.0109,14.7541,8.3876,15.3061,11.4295,7.951,5.2043,4.7393,3.31,0.0,5.7517,3.3201
Himachal Pradesh,age_22_25,2,10.5552,5.7239,4.0405,0.0,6.5461,1.8611,15.1251,8.0943,18.8525,13.6201,13.6421,5.3902,1.5152,3.0303,44.7663,27.0772,7.0723,4.2989,84.8749,91.9057,81.1475,86.3799,86.3579,94.6098,98.4848,96.9697,55.2337,72.9228,92.9277,95.7011,15.3873,12.7946,15.8077,3.0769,18.7703,16.2512,10.0109,14.7541,8.3876,15.3061,11.4295,7.951,5.2043,4.7393,3.31,0.0,5.7517,3.3201
Himachal Pradesh,age_26_29,2,13.0452,4.3919,6.0298,0.0,7.6885,3.0517,22.9417,11.3235,24.1026,13.9216,21.2949,7.4509,5.1724,0.0,54.6457,31.4346,11.9016,4.6823,77.0583,88.6765,75.8974,86.0784,78.7051,92.5491,94.8276,100.0,45.3543,68.5654,88.0984,95.3177,15.7663,13.5135,20.2413,3.6364,18.6012,19.1664,10.0109,14.7541,8.3876,15.3061,11.4295,7.951,5.2043,4.7393,3.31,0.0,5.7517,3.3201
Himachal Pradesh,age_30_33,2,18.3697,7.3913,8.3916,0.0,11.6505,4.8664,33.3333,12.6139,23.0769,15.641,30.3847,10.2634,0.0,3.125,65.4556,35.3372,18.0289,6.386,66.6667,87.3861,76.9231,84.359,69.6153,89.7366,100.0,96.875,34.5444,64.6628,81.9711,93.614,14.8106,17.3913,19.7685,6.25,15.2104,18.75,10.0109,14.7541,8.3876,15.3061,11.4295,7.951,5.2043,4.7393,3.31,0.0,5.7517,3.3201
Himachal Pradesh,age_34_plus,2,30.3319,5.1656,14.4143,3.2129,17.7248,7.2896,68.3625,34.69,28.5038,17.8849,61.8597,28.1072,8.4559,2.4561,83.3037,55.1596,48.3012,20.0475,31.6375,65.31,71.4962,82.1151,38.1403,71.8928,91.5441,97.5439,16.6963,44.8404,51.6988,79.9525,10.1025,9.1391,14.867,10.8434,12.7397,15.3131,10.0109,14.7541,8.3876,15.3061,11.4295,7.951,5.2043,4.7393,3.31,0.0,5.7517,3.3201
Punjab,age_below10,3,98.2309,96.8954,97.0964,96.0809,96.648,97.569,71.6248,72.4847,77.9161,76.5267,73.6149,73.1114,69.1858,69.1738,79.434,78.0309,72.2345,72.3116,28.3752,27.5153,22.0839,23.4733,26.3851,26.8886,30.8142,30.8262,20.566,21.9691,27.7655,27.6884,0.0,0.0,0.0,0.0,0.0,0.0,15.7182,14.579,16.6972,18.2927,16.8774,16.4047,9.2214,7.3994,9.1504,11.0431,9.8932,8.3585
Punjab,age_10_13,3,40.9475,49.3271,39.5335,25.4717,51.1902,43.4746,7.6563,7.4127,24.9064,19.0086,11.3847,9.4844,1.7819,2.3159,26.2781,22.9249,11.4016,9.1248,92.3438,92.5873,75.0936,80.9914,88.6153,90.5156,98.2181,97.6841,73.7219,77.0751,88.5984,90.8752,4.8505,4.1694,7.3995,13.3527,3.8347,5.1651,15.7182,14.579,16.6972,18.2927,16.8774,16.4047,9.2214,7.3994,9.1504,11.0431,9.8932,8.3585
Punjab,age_14_17,3,3.5669,8.5038,3.988,0.988,8.3746,4.8036,6.2687,7.2989,30.1701,22.4828,11.3408,11.0891,1.7337,1.9512,31.2836,28.8282,13.2552,11.1243,93.7313,92.7011,69.8299,77.5172,88.6592,88.9109,98.2663,98.0488,68.7164,71.1718,86.7448,88.8757,41.0828,32.6907,38.893,35.7798,32.1619,38.4042,15.7182,14.579,16.6972,18.2927,16.8774,16.4047,9.2214,7.3994,9.1504,11.0431,9.8932,8.3585
Punjab,age_18_21,3,3.8095,5.7465,2.8477,0.7937,7.1515,3.1596,6.8441,10.8108,34.5526,27.4324,14.6899,14.3986,1.5625,2.1713,39.5576,33.9574,17.1928,14.2264,93.1559,89.1892,65.4474,72.5676,85.3101,85.6014,98.4375,97.8287,60.4424,66.0426,82.8072,85.7736,22.8571,18.053,15.7474,1.8519,20.2986,17.4513,15.7182,14.579,16.6972,18.2927,16.8774,16.4047,9.2214,7.3994,9.1504,11.0431,9.8932,8.3585
Punjab,age_22_25,3,2.6934,4.5279,2.195,0.1151,6.1789,2.309,14.5218,11.9409,46.9018,31.5618,20.3816,15.1787,2.6331,1.8576,48.8254,35.6171,24.0966,17.2857,85.4782,88.0591,53.0982,68.4382,79.6184,84.8213,97.3669,98.1424,51.1746,64.3829,75.9034,82.7143,18.9917,15.7549,13.2088,1.1507,17.0607,15.554,15.7182,14.579,16.6972,18.2927,16.8774,16.4047,9.2214,7.3994,9.1504,11.0431,9.8932,8.3585
Punjab,age_26_29,3,3.1671,5.6647,2.912,0.2734,8.3052,3.1227,23.1752,13.5294,57.2895,38.8588,27.6451,17.9598,1.9437,2.0382,59.1649,40.4808,33.5136,22.6611,76.8248,86.4706,42.7105,61.1412,72.3549,82.0402,98.0563,97.9618,40.8351,59.5192,66.4864,77.3389,19.0816,14.2977,15.2157,3.3493,16.7171,17.135,15.7182,14.579,16.6972,18.2927,16.8774,16.4047,9.2214,7.3994,9.1504,11.0431,9.8932,8.3585
Punjab,age_30_33,3,5.9406,7.0469,3.9074,0.4332,9.3245,4.1532,33.1568,17.2653,64.8787,42.9727,33.4034,20.1107,2.7388,1.7391,67.9931,43.7168,40.3226,27.4493,66.8432,82.7347,35.1213,57.0273,66.5966,79.8893,97.2612,98.2609,32.0069,56.2832,59.6774,72.5507,19.802,15.0809,16.9988,3.7545,16.5198,18.4963,15.7182,14.579,16.6972,18.2927,16.8774,16.4047,9.2214,7.3994,9.1504,11.0431,9.8932,8.3585
Punjab,age_34_plus,3,9.6774,7.2537,5.646,2.3308,11.7971,6.5975,69.1245,34.5197,76.6645,56.4884,51.2836,28.462,9.3133,2.5274,84.8162,62.937,62.6424,43.0986,30.8755,65.4803,23.3355,43.5116,48.7164,71.538,90.6867,97.4726,15.1838,37.063,37.3576,56.9014,15.2445,15.6658,16.621,10.8207,12.8533,16.1488,15.7182,14.579,16.6972,18.2927,16.8774,16.4047,9.2214,7.3994,9.1504,11.0431,9.8932,8.3585
Chandigarh,age_below10,4,100.0,99.3056,97.7162,100.0,97.4138,97.9035,64.0,71.5909,76.6234,73.6686,74.483,73.3208,73.5632,66.8342,77.8995,75.5752,66.5963,65.8814,36.0,28.4091,23.3766,26.3314,25.517,26.6792,26.4368,33.1658,22.1005,24.4248,33.4037,34.1186,0.0,0.0,0.0,0.0,0.0,0.0,16.3934,14.9007,12.4727,19.5531,11.1355,11.6013,4.6512,1.5736,5.6116,2.5126,7.1136,3.8254
Chandigarh,age_10_13,4,32.0755,36.8821,38.2277,17.7215,49.6302,29.9176,3.6364,7.4074,10.8475,7.837,10.352,8.1195,2.4691,0.0,17.9366,16.1514,2.4112,2.3623,96.3636,92.5926,89.1525,92.163,89.648,91.8805,97.5309,100.0,82.0634,83.8486,97.5888,97.6377,3.7736,6.0837,7.2666,11.3924,4.2728,8.734,16.3934,14.9007,12.4727,19.5531,11.1355,11.6013,4.6512,1.5736,5.6116,2.5126,7.1136,3.8254
Chandigarh,age_14_17,4,3.9216,2.3529,3.8699,0.0,8.3243,1.5236,3.7736,2.7397,14.1414,5.7971,9.3504,9.7913,1.9417,0.0,19.0726,21.2329,2.2989,1.7753,96.2264,97.2603,85.8586,94.2029,90.6496,90.2087,98.0583,100.0,80.9274,78.7671,97.7011,98.2247,35.2941,43.1373,40.7291,36.6337,35.4595,43.0858,16.3934,14.9007,12.4727,19.5531,11.1355,11.6013,4.6512,1.5736,5.6116,2.5126,7.1136,3.8254
Chandigarh,age_18_21,4,1.1236,2.1739,2.1887,0.0,4.0767,0.8191,2.1978,2.0833,14.2857,10.7527,13.6878,12.8746,0.0,0.0,25.5357,28.1879,2.4322,2.4421,97.8022,97.9167,85.7143,89.2473,86.3122,87.1254,100.0,100.0,74.4643,71.8121,97.5678,97.5579,5.618,18.8406,12.3774,2.0,26.3789,7.5142,16.3934,14.9007,12.4727,19.5531,11.1355,11.6013,4.6512,1.5736,5.6116,2.5126,7.1136,3.8254
Chandigarh,age_22_25,4,0.7752,4.0115,2.2743,0.7634,6.0116,0.6519,3.7313,2.8902,15.4964,6.7538,21.8959,12.2582,1.5038,2.8169,38.9986,27.6943,4.1174,2.3511,96.2687,97.1098,84.5036,93.2462,78.1041,87.7418,98.4962,97.1831,61.0014,72.3057,95.8826,97.6489,4.6512,8.3095,11.0743,0.7634,20.0,6.1366,16.3934,14.9007,12.4727,19.5531,11.1355,11.6013,4.6512,1.5736,5.6116,2.5126,7.1136,3.8254
Chandigarh,age_26_29,4,1.9608,1.8041,2.6193,0.0,10.3077,1.3085,13.5593,8.1395,11.0092,6.5217,29.8005,15.0619,2.0833,2.1053,54.2576,30.7073,5.5149,3.0491,86.4407,91.8605,88.9908,93.4783,70.1995,84.9381,97.9167,97.8947,45.7424,69.2927,94.4851,96.9509,7.8431,7.9897,12.0247,5.3191,14.6154,8.4711,16.3934,14.9007,12.4727,19.5531,11.1355,11.6013,4.6512,1.5736,5.6116,2.5126,7.1136,3.8254
Chandigarh,age_30_33,4,0.0,1.6502,3.0532,0.0,8.2979,1.2868,20.6897,12.0,14.1643,6.7332,34.2842,17.6043,1.0417,1.1236,57.4661,36.5395,9.0772,3.7132,79.3103,88.0,85.8357,93.2668,65.7158,82.3957,98.9583,98.8764,42.5339,63.4605,90.9228,96.2868,17.3913,7.9208,12.4963,9.4737,15.9574,9.5475,16.3934,14.9007,12.4727,19.5531,11.1355,11.6013,4.6512,1.5736,5.6116,2.5126,7.1136,3.8254
Chandigarh,age_34_plus,4,3.4884,2.9867,3.8027,1.0288,12.3306,2.604,27.7311,6.993,17.8182,9.7852,35.7322,18.3953,6.7179,1.6187,72.2034,46.0595,20.206,7.3399,72.2689,93.007,82.1818,90.2148,64.2678,81.6047,93.2821,98.3813,27.7966,53.9405,79.794,92.6601,17.4419,10.177,12.3745,8.8477,11.3821,10.6869,16.3934,14.9007,12.4727,19.5531,11.1355,11.6013,4.6512,1.5736,5.6116,2.5126,7.1136,3.8254
State - UTTARANCHAL  05,age_below10,5,93.3099,96.3397,97.3701,95.2632,94.2556,96.5209,66.2708,66.7996,70.8493,69.2685,73.5775,72.9161,69.0554,70.6612,82.4515,79.6943,74.094,72.7389,33.7292,33.2004,29.1507,30.7315,26.4225,27.0839,30.9446,29.3388,17.5485,20.3057,25.906,27.2611,0.0,0.0,0.0,0.0,0.0,0.0,12.3751,11.1345,11.3294,4.5767,11.1681,10.7654,4.1462,2.5746,2.7876,2.6972,3.1153,2.6501
State - UTTARANCHAL  05,age_10_13,5,33.1361,35.7081,45.3421,19.5906,57.8325,42.7012,7.4818,3.6295,5.9641,4.5296,8.0455,3.9792,1.1561,1.0929,33.3293,22.1942,13.143,7.7108,92.5182,96.3705,94.0359,95.4704,91.9545,96.0208,98.8439,98.9071,66.6707,77.8058,86.857,92.2892,8.6785,11.3814,5.8873,19.883,4.4206,7.7498,12.3751,11.1345,11.3294,4.5767,11.1681,10.7654,4.1462,2.5746,2.7876,2.6972,3.1153,2.6501
State - UTTARANCHAL  05,age_14_17,5,4.5858,4.2039,6.2562,0.8621,20.2839,9.1073,4.9226,2.9377,6.2867,4.6904,10.9403,4.3481,0.8547,1.2788,41.5741,27.3151,18.4905,9.052,95.0774,97.0623,93.7133,95.3096,89.0597,95.6519,99.1453,98.7212,58.4259,72.6849,81.5095,90.948,33.284,43.1127,40.9831,38.7931,24.2461,37.564,12.3751,11.1345,11.3294,4.5767,11.1681,10.7654,4.1462,2.5746,2.7876,2.6972,3.1153,2.6501
State - UTTARANCHAL  05,age_18_21,5,3.6474,2.0513,3.9087,0.0,15.6526,5.9185,8.6111,3.3333,6.25,6.9272,16.1291,6.6278,2.7778,0.0,48.4146,31.3807,22.5902,10.4457,91.3889,96.6667,93.75,93.0728,83.8709,93.3722,97.2222,100.0,51.5854,68.6193,77.4098,89.5543,14.5897,15.5556,26.0823,1.7143,16.9111,20.0117,12.3751,11.1345,11.3294,4.5767,11.1681,10.7654,4.1462,2.5746,2.7876,2.6972,3.1153,2.6501
State - UTTARANCHAL  05,age_22_25,5,9.0278,2.1757,3.9853,0.5025,13.9467,5.6652,15.7895,7.5314,8.9871,8.2481,24.026,8.2946,3.632,1.3274,59.9579,34.1069,25.8397,11.8371,84.2105,92.4686,91.0129,91.7519,75.974,91.7054,96.368,98.6726,40.0421,65.8931,74.1603,88.1629,17.3611,10.1255,20.2053,1.5075,13.8204,16.7684,12.3751,11.1345,11.3294,4.5767,11.1681,10.7654,4.1462,2.5746,2.7876,2.6972,3.1153,2.6501
State - UTTARANCHAL  05,age_26_29,5,11.898,3.9461,6.1696,0.0,17.7129,6.3834,26.4583,7.799,13.4167,7.3338,34.9596,10.9105,3.3333,0.9231,69.3912,40.5027,35.8498,15.5505,73.5417,92.201,86.5833,92.6662,65.0404,89.0895,96.6667,99.0769,30.6088,59.4973,64.1502,84.4495,20.9632,10.7796,19.7711,2.8736,12.9604,18.6411,12.3751,11.1345,11.3294,4.5767,11.1681,10.7654,4.1462,2.5746,2.7876,2.6972,3.1153,2.6501
State - UTTARANCHAL  05,age_30_33,5,13.0252,3.3121,8.34,0.2915,19.3245,7.0911,34.6154,9.6847,16.755,8.6111,44.0641,12.8395,4.4568,1.4577,74.7466,46.2322,40.3327,18.8482,65.3846,90.3153,83.245,91.3889,55.9359,87.1605,95.5432,98.5423,25.2534,53.7678,59.6673,81.1518,17.6471,11.7197,18.9598,4.0816,12.649,18.4852,12.3751,11.1345,11.3294,4.5767,11.1681,10.7654,4.1462,2.5746,2.7876,2.6972,3.1153,2.6501
State - UTTARANCHAL  05,age_34_plus,5,12.5468,4.5003,13.4841,2.7528,20.8626,9.0955,66.8734,40.3855,22.7016,12.7402,66.8444,22.4206,8.8877,1.9918,84.4236,57.9997,55.278,29.5071,33.1266,59.6145,77.2984,87.2598,33.1556,77.5794,91.1123,98.0082,15.5764,42.0003,44.722,70.4929,16.1049,13.8515,15.7824,10.5925,11.0704,16.6353,12.3751,11.1345,11.3294,4.5767,11.1681,10.7654,4.1462,2.5746,2.7876,2.6972,3.1153,2.6501
Haryana,age_below10,6,97.093,97.1726,97.9931,97.4173,93.3957,97.836,77.1277,75.082,71.9415,73.0996,74.2896,73.6633,70.4719,69.6633,90.2087,83.6734,72.42,72.6921,22.8723,24.918,28.0585,26.9004,25.7104,26.3367,29.5281,30.3367,9.7913,16.3266,27.58,27.3079,0.0,0.0,0.0,0.0,0.0,0.0,19.7947,14.152,25.8523,13.0881,30.7095,13.156,6.6788,5.4633,7.7712,5.5855,9.8432,4.4311
Haryana,age_10_13,6,53.5714,43.1689,47.0981,24.1634,67.4828,44.6463,17.1598,7.4742,7.7058,5.6465,10.4644,6.4099,1.5027,1.3765,57.4316,24.9094,11.0212,7.6731,82.8402,92.5258,92.2942,94.3535,89.5356,93.5901,98.4973,98.6235,42.5684,75.0906,88.9788,92.3269,6.7857,7.0209,5.0835,13.3366,1.6709,5.7134,19.7947,14.152,25.8523,13.0881,30.7095,13.156,6.6788,5.4633,7.7712,5.5855,9.8432,4.4311
Haryana,age_14_17,6,10.4072,4.4932,6.8409,0.8692,24.8214,6.545,19.3431,11.9186,9.375,6.3126,12.7114,7.4109,1.6202,0.7031,65.142,28.1434,12.7791,9.5921,80.6569,88.0814,90.625,93.6874,87.2886,92.5891,98.3798,99.2969,34.858,71.8566,87.2209,90.4079,36.1991,41.7973,35.6189,40.5764,16.6481,36.6837,19.7947,14.152,25.8523,13.0881,30.7095,13.156,6.6788,5.4633,7.7712,5.5855,9.8432,4.4311
Haryana,age_18_21,6,3.6697,1.8797,4.3157,0.766,15.6205,4.5403,23.7762,27.1654,10.1351,8.8015,19.8457,9.8925,1.2605,1.4226,73.4948,31.7981,16.4516,12.8927,76.2238,72.8346,89.8649,91.1985,80.1543,90.1075,98.7395,98.5774,26.5052,68.2019,83.5484,87.1073,16.5138,14.4737,18.7416,3.9149,15.457,20.3705,19.7947,14.152,25.8523,13.0881,30.7095,13.156,6.6788,5.4633,7.7712,5.5855,9.8432,4.4311
Haryana,age_22_25,6,5.4455,2.2989,4.048,0.1897,14.6036,3.6506,32.2148,17.3611,13.186,7.385,29.9536,11.7902,2.9098,1.0492,80.8348,34.4482,23.3973,15.6387,67.7852,82.6389,86.814,92.615,70.0464,88.2098,97.0902,98.9508,19.1652,65.5518,76.6027,84.3613,18.3168,10.3448,19.8839,5.3111,15.1021,19.955,19.7947,14.152,25.8523,13.0881,30.7095,13.156,6.6788,5.4633,7.7712,5.5855,9.8432,4.4311
Haryana,age_26_29,6,4.6053,2.3963,5.4096,0.3974,14.8998,4.8084,39.9209,19.5335,16.7945,9.589,43.0347,16.0458,2.748,1.8085,86.2336,40.1852,33.2718,20.9435,60.0791,80.4665,83.2055,90.411,56.9653,83.9542,97.252,98.1915,13.7664,59.8148,66.7282,79.0565,15.7895,9.6774,18.0947,8.6976,12.0282,20.9656,19.7947,14.152,25.8523,13.0881,30.7095,13.156,6.6788,5.4633,7.7712,5.5855,9.8432,4.4311
Haryana,age_30_33,6,8.5106,2.8881,6.3897,0.9309,17.614,6.1131,57.2727,20.4778,21.9718,10.3741,54.6524,20.894,4.7597,2.1739,90.1682,48.7938,41.0126,26.5129,42.7273,79.5222,78.0282,89.6259,45.3476,79.106,95.2403,97.8261,9.8318,51.2062,58.9874,73.4871,9.5745,9.2659,17.463,11.7589,9.3697,20.4094,19.7947,14.152,25.8523,13.0881,30.7095,13.156,6.6788,5.4633,7.7712,5.5855,9.8432,4.4311
Haryana,age_34_plus,6,8.3333,3.2095,8.3787,4.024,18.7629,8.4978,76.9784,35.9841,26.1108,15.8992,72.0619,34.7804,17.6773,3.1734,94.6544,65.6765,61.8215,39.6012,23.0216,64.0159,73.8892,84.1008,27.9381,65.2196,82.3227,96.8266,5.3456,34.3235,38.1785,60.3988,15.625,10.0,16.4304,14.0487,7.6642,17.3774,19.7947,14.152,25.8523,13.0881,30.7095,13.156,6.6788,5.4633,7.7712,5.5855,9.8432,4.4311
State - DELHI  07,age_below10,7,97.6103,97.2057,97.5685,97.7565,96.1563,97.8028,74.4841,70.7901,72.5002,72.5665,73.1319,72.8131,69.296,69.9035,78.1141,77.163,69.0225,70.0569,25.5159,29.2099,27.4998,27.4335,26.8681,27.1869,30.704,30.0965,21.8859,22.837,30.9775,29.9431,0.0,0.0,0.0,0.0,0.0,0.0,7.4981,7.8761,11.2431,9.2188,10.7016,10.1789,3.7037,2.5073,3.7554,3.6603,3.135,3.1467
State - DELHI  07,age_10_13,7,35.9244,30.3922,36.6441,23.8588,46.2984,29.4558,4.8,4.1627,4.1265,2.7003,7.0452,5.5993,0.9012,1.0174,17.9755,16.7987,3.4135,3.0348,95.2,95.8373,95.8735,97.2997,92.9548,94.4007,99.0988,98.9826,82.0245,83.2013,96.5865,96.9652,5.6723,7.6518,7.1137,11.6084,5.5466,9.038,7.4981,7.8761,11.2431,9.2188,10.7016,10.1789,3.7037,2.5073,3.7554,3.6603,3.135,3.1467
State - DELHI  07,age_14_17,7,4.914,3.8576,3.8536,0.8361,9.0328,2.181,6.3291,5.8423,8.07,2.844,7.2198,6.9465,0.7218,0.9694,19.7647,20.7145,3.6822,3.3023,93.6709,94.1577,91.93,97.156,92.7802,93.0535,99.2782,99.0306,80.2353,79.2855,96.3178,96.6977,42.2604,42.0623,41.311,43.0934,34.4295,42.4165,7.4981,7.8761,11.2431,9.2188,10.7016,10.1789,3.7037,2.5073,3.7554,3.6603,3.135,3.1467
State - DELHI  07,age_18_21,7,2.5586,3.3346,2.5898,0.8819,6.672,1.8884,7.8585,5.638,8.7443,4.0465,11.4574,9.2636,0.8742,1.6076,26.2759,24.5456,4.5898,3.6491,92.1415,94.362,91.2557,95.9535,88.5426,90.7364,99.1258,98.3924,73.7241,75.4544,95.4102,96.3509,18.7633,14.7183,19.7183,4.1028,24.2867,10.6446,7.4981,7.8761,11.2431,9.2188,10.7016,10.1789,3.7037,2.5073,3.7554,3.6603,3.135,3.1467
State - DELHI  07,age_22_25,7,2.2957,2.3954,2.5773,0.4312,7.3672,1.5332,12.5301,5.4619,6.5546,2.8714,18.0309,9.0289,0.8959,0.9037,35.6115,24.2618,5.8345,3.4395,87.4699,94.5381,93.4454,97.1286,81.9691,90.9711,99.1041,99.0963,64.3885,75.7382,94.1655,96.5605,16.6208,8.4011,15.8317,3.0737,19.3809,7.4344,7.4981,7.8761,11.2431,9.2188,10.7016,10.1789,3.7037,2.5073,3.7554,3.6603,3.135,3.1467
State - DELHI  07,age_26_29,7,4.1332,1.8437,3.2734,0.279,9.6589,1.6116,20.0917,6.3262,5.9409,2.7088,25.4454,10.2526,1.2899,0.753,46.1214,26.4779,7.2904,3.9121,79.9083,93.6738,94.0591,97.2912,74.5546,89.7474,98.7101,99.247,53.8786,73.5221,92.7096,96.0879,14.1217,6.7563,14.3933,4.2872,17.0362,7.6321,7.4981,7.8761,11.2431,9.2188,10.7016,10.1789,3.7037,2.5073,3.7554,3.6603,3.135,3.1467
State - DELHI  07,age_30_33,7,4.0698,2.0776,3.8343,0.4488,11.2401,1.723,26.3383,8.0762,6.8209,2.8536,31.2594,11.6735,1.689,0.754,54.7791,30.3419,8.228,4.2869,73.6617,91.9238,93.1791,97.1464,68.7406,88.3265,98.311,99.246,45.2209,69.6581,91.772,95.7131,16.7151,7.1904,14.0784,6.3767,16.0184,9.4536,7.4981,7.8761,11.2431,9.2188,10.7016,10.1789,3.7037,2.5073,3.7554,3.6603,3.135,3.1467
State - DELHI  07,age_34_plus,7,6.9435,2.7618,5.1904,3.5365,13.4873,3.8461,47.6385,15.7505,11.3895,3.9253,39.0237,14.8453,9.5951,1.5678,67.1884,38.5267,17.4509,6.2968,52.3615,84.2495,88.6105,96.0747,60.9763,85.1547,90.4049,98.4322,32.8116,61.4733,82.5491,93.7032,16.6126,9.3999,13.6684,11.4352,14.5937,12.7703,7.4981,7.8761,11.2431,9.2188,10.7016,10.1789,3.7037,2.5073,3.7554,3.6603,3.135,3.1467
Rajasthan,age_below10,8,95.2077,97.0094,96.3855,94.5106,94.6333,96.5833,74.7377,76.0365,74.9441,73.0374,80.1624,75.8182,68.6604,68.8891,83.3466,78.9172,74.6163,73.4826,25.2623,23.9635,25.0559,26.9626,19.8376,24.1818,31.3396,31.1109,16.6534,21.0828,25.3837,26.5174,0.0,0.0,0.0,0.0,0.0,0.0,27.8456,16.6454,55.6644,9.9743,42.9524,12.7262,10.5086,8.0139,23.0325,4.2537,17.3383,3.2068
Rajasthan,age_10_13,8,57.5,39.1144,55.103,23.25,58.9006,49.705,13.6069,4.0619,14.9671,6.9865,28.9656,9.1052,1.4801,0.8606,37.5712,17.3,16.3573,8.3982,86.3931,95.9381,85.0329,93.0135,71.0344,90.8948,98.5199,99.1394,62.4288,82.7,83.6427,91.6018,5.5,7.4908,4.7775,15.6407,3.6983,5.9501,27.8456,16.6454,55.6644,9.9743,42.9524,12.7262,10.5086,8.0139,23.0325,4.2537,17.3383,3.2068
Rajasthan,age_14_17,8,16.0305,7.9612,19.8861,2.1966,24.3643,14.4454,24.058,4.1002,18.9933,8.8906,35.6501,9.823,1.1567,0.6679,42.5043,18.2449,22.0204,10.598,75.942,95.8998,81.0067,91.1094,64.3499,90.177,98.8433,99.3321,57.4957,81.7551,77.9796,89.402,27.0992,39.4175,25.9725,40.014,20.5357,29.1108,27.8456,16.6454,55.6644,9.9743,42.9524,12.7262,10.5086,8.0139,23.0325,4.2537,17.3383,3.2068
Rajasthan,age_18_21,8,9.7087,7.3099,18.0016,3.1228,21.0877,11.7626,31.7881,4.7826,20.7722,9.8747,44.4672,12.1399,1.6347,1.029,48.8876,20.3196,28.1196,13.7113,68.2119,95.2174,79.2278,90.1253,55.5328,87.8601,98.3653,98.971,51.1124,79.6804,71.8804,86.2887,16.5049,10.039,17.9817,11.7338,17.5174,22.6648,27.8456,16.6454,55.6644,9.9743,42.9524,12.7262,10.5086,8.0139,23.0325,4.2537,17.3383,3.2068
Rajasthan,age_22_25,8,16.5441,5.1561,18.7908,2.212,22.2432,11.54,41.3793,8.4507,19.8253,9.2218,51.5308,14.093,2.0089,0.7883,55.8432,21.7271,36.6906,16.7107,58.6207,91.5493,80.1747,90.7782,48.4692,85.907,97.9911,99.2117,44.1568,78.2729,63.3094,83.2893,19.1176,7.8794,15.8565,10.3483,15.3622,20.228,27.8456,16.6454,55.6644,9.9743,42.9524,12.7262,10.5086,8.0139,23.0325,4.2537,17.3383,3.2068
Rajasthan,age_26_29,8,10.7981,3.8245,20.8852,2.2005,25.2048,14.2086,44.0945,9.1778,21.6898,9.8117,58.156,18.6132,2.8704,0.7409,62.3276,25.1682,45.9699,22.4189,55.9055,90.8222,78.3102,90.1883,41.844,81.3868,97.1296,99.2591,37.6724,74.8318,54.0301,77.5811,17.3709,10.0242,14.4877,15.6737,13.5967,17.4395,27.8456,16.6454,55.6644,9.9743,42.9524,12.7262,10.5086,8.0139,23.0325,4.2537,17.3383,3.2068
Rajasthan,age_30_33,8,13.3333,4.8863,22.616,2.9387,27.2159,14.7775,52.0349,12.6033,27.5245,11.2322,63.9693,24.2099,3.5617,0.9465,68.0096,29.6632,51.8775,26.778,47.9651,87.3967,72.4755,88.7678,36.0307,75.7901,96.4383,99.0535,31.9904,70.3368,48.1225,73.222,15.7576,8.805,13.3639,19.6415,11.9684,16.9268,27.8456,16.6454,55.6644,9.9743,42.9524,12.7262,10.5086,8.0139,23.0325,4.2537,17.3383,3.2068
Rajasthan,age_34_plus,8,23.4727,4.3047,23.0009,14.5728,29.5194,16.4426,72.9565,31.9149,24.9048,14.0624,79.9213,41.9237,21.2771,1.3522,81.275,42.701,71.8002,41.5788,27.0435,68.0851,75.0952,85.9376,20.0787,58.0763,78.7229,98.6478,18.725,57.299,28.1998,58.4212,12.2186,10.2659,13.4345,19.1579,10.9806,14.6604,27.8456,16.6454,55.6644,9.9743,42.9524,12.7262,10.5086,8.0139,23.0325,4.2537,17.3383,3.2068
Uttar Pradesh,age_below10,9,95.4705,93.1133,95.4049,92.8676,93.0317,94.5544,80.6868,78.4178,79.2844,77.2169,81.5308,78.4404,71.4056,72.8235,85.2192,82.4666,75.741,74.7001,19.3132,21.5822,20.7156,22.7831,18.4692,21.5596,28.5944,27.1765,14.7808,17.5334,24.259,25.2999,0.0,0.0,0.0,0.0,0.0,0.0,31.9989,19.0531,29.6111,15.8508,16.5315,16.7319,12.1563,7.9627,10.0049,5.3574,5.2727,6.8386
Uttar Pradesh,age_10_13,9,49.3021,39.5892,47.1854,21.2868,54.9015,37.8201,25.243,14.7277,24.618,18.4967,29.4601,16.2814,4.9445,3.7278,41.7713,30.4734,16.4071,10.7218,74.757,85.2723,75.382,81.5033,70.5399,83.7186,95.0555,96.2722,58.2287,69.5266,83.5929,89.2782,6.0685,10.6742,7.2618,19.2243,5.3929,9.9643,31.9989,19.0531,29.6111,15.8508,16.5315,16.7319,12.1563,7.9627,10.0049,5.3574,5.2727,6.8386
Uttar Pradesh,age_14_17,9,10.6724,7.1696,9.033,1.4288,17.9759,6.6538,32.0182,14.8882,23.5553,17.1237,33.5953,16.1926,3.6421,2.7736,46.3083,33.1815,18.6405,10.8373,67.9818,85.1118,76.4447,82.8763,66.4047,83.8074,96.3579,97.2264,53.6917,66.8185,81.3595,89.1627,35.6835,35.6453,37.2405,38.8492,25.1844,37.444,31.9989,19.0531,29.6111,15.8508,16.5315,16.7319,12.1563,7.9627,10.0049,5.3574,5.2727,6.8386
Uttar Pradesh,age_18_21,9,6.5739,4.3887,5.6028,1.0277,12.4213,4.9215,44.2192,18.6412,23.8482,18.3528,42.1438,18.4164,3.2803,2.9497,51.0798,35.5117,21.935,12.0902,55.7808,81.3588,76.1518,81.6472,57.8562,81.5836,96.7197,97.0503,48.9202,64.4883,78.065,87.9098,26.7595,15.0784,24.2486,6.7061,17.5965,20.3761,31.9989,19.0531,29.6111,15.8508,16.5315,16.7319,12.1563,7.9627,10.0049,5.3574,5.2727,6.8386
Uttar Pradesh,age_22_25,9,5.7043,3.0109,4.7624,0.8014,12.1429,3.9298,59.1247,22.1035,25.3115,18.1969,53.5998,21.117,4.4396,2.7179,60.6606,37.6308,28.1391,13.9766,40.8753,77.8965,74.6885,81.8031,46.4002,78.883,95.5604,97.2821,39.3394,62.3692,71.8609,86.0234,25.0987,9.2675,23.3542,5.3606,15.0015,17.4977,31.9989,19.0531,29.6111,15.8508,16.5315,16.7319,12.1563,7.9627,10.0049,5.3574,5.2727,6.8386
Uttar Pradesh,age_26_29,9,6.4121,3.3451,5.6709,1.0187,14.2722,4.8895,67.5494,25.7268,31.0421,18.7849,61.1555,25.3177,5.364,2.8177,68.2589,41.988,35.455,17.874,32.4506,74.2732,68.9579,81.2151,38.8445,74.6823,94.636,97.1823,31.7411,58.012,64.545,82.126,25.9691,10.1025,23.5131,8.0188,14.3993,16.7585,31.9989,19.0531,29.6111,15.8508,16.5315,16.7319,12.1563,7.9627,10.0049,5.3574,5.2727,6.8386
Uttar Pradesh,age_30_33,9,7.0056,3.0595,6.4188,1.3712,15.5919,5.8053,73.3514,29.3398,36.6216,21.2534,66.7064,29.0986,6.5466,3.0125,72.859,46.2614,39.5452,20.0902,26.6486,70.6602,63.3784,78.7466,33.2936,70.9014,93.4534,96.9875,27.141,53.7386,60.4548,79.9098,24.0678,10.1027,22.7538,9.6117,13.6514,16.8047,31.9989,19.0531,29.6111,15.8508,16.5315,16.7319,12.1563,7.9627,10.0049,5.3574,5.2727,6.8386
Uttar Pradesh,age_34_plus,9,10.4711,3.4964,9.1347,5.2367,17.2493,6.985,84.8908,45.4835,39.6872,24.7266,77.7224,41.1778,15.3623,4.2063,81.6141,54.8882,51.6952,29.8215,15.1092,54.5165,60.3128,75.2734,22.2776,58.8222,84.6377,95.7937,18.3859,45.1118,48.3048,70.1785,17.7613,12.1587,19.5811,15.9501,12.3681,15.8664,31.9989,19.0531,29.6111,15.8508,16.5315,16.7319,12.1563,7.9627,10.0049,5.3574,5.2727,6.8386
Bihar,age_below10,10,95.8904,92.8328,94.6024,93.7158,90.4277,91.6859,84.8673,81.1703,79.1719,77.0796,88.2013,84.2229,70.5077,71.8059,89.4587,86.7409,78.7014,78.2273,15.1327,18.8297,20.8281,22.9204,11.7987,15.7771,29.4923,28.1941,10.5413,13.2591,21.2986,21.7727,0.0,0.0,0.0,0.0,0.0,0.0,40.768,13.7014,33.6966,10.3751,18.6276,12.2732,9.9734,3.5342,8.1224,2.5783,4.2156,4.9164
Bihar,age_10_13,10,42.9084,36.161,46.9408,21.626,54.4579,31.0757,31.3194,18.6916,26.6161,20.0667,48.5208,31.4185,7.0997,4.9858,53.7054,42.1506,21.7256,16.7173,68.6806,81.3084,73.3839,79.9333,51.4792,68.5815,92.9003,95.0142,46.2946,57.8494,78.2744,83.2827,8.6176,12.1805,8.2157,20.9756,5.614,14.741,40.768,13.7014,33.6966,10.3751,18.6276,12.2732,9.9734,3.5342,8.1224,2.5783,4.2156,4.9164
Bihar,age_14_17,10,8.4615,9.1922,10.5564,1.209,22.8579,3.7821,32.6425,17.5258,25.9412,17.9126,46.0646,28.1341,3.9801,4.2484,52.2347,40.7868,12.2178,12.1453,67.3575,82.4742,74.0588,82.0874,53.9354,71.8659,96.0199,95.7516,47.7653,59.2132,87.7822,87.8547,39.7436,37.0474,33.3431,40.0691,20.6433,37.0651,40.768,13.7014,33.6966,10.3751,18.6276,12.2732,9.9734,3.5342,8.1224,2.5783,4.2156,4.9164
Bihar,age_18_21,10,4.8485,5.6483,7.7746,0.3401,18.7807,2.5723,46.2541,18.0693,25.0241,17.5423,55.0274,27.7031,5.4662,6.9061,58.4824,40.276,18.799,10.9589,53.7459,81.9307,74.9759,82.4577,44.9726,72.2969,94.5338,93.0939,41.5176,59.724,81.201,89.0411,20.6061,13.8639,18.7535,6.8027,13.9478,12.2186,40.768,13.7014,33.6966,10.3751,18.6276,12.2732,9.9734,3.5342,8.1224,2.5783,4.2156,4.9164
Bihar,age_22_25,10,6.3694,1.8362,7.892,0.4545,20.0011,1.2903,54.9498,21.3731,23.732,18.4529,62.7145,29.9175,5.4441,3.2366,65.7833,41.2533,20.6146,11.4497,45.0502,78.6269,76.268,81.5471,37.2855,70.0825,94.5559,96.7634,34.2167,58.7467,79.3854,88.5503,25.1592,5.8065,15.5287,5.4545,11.0673,7.7419,40.768,13.7014,33.6966,10.3751,18.6276,12.2732,9.9734,3.5342,8.1224,2.5783,4.2156,4.9164
Bihar,age_26_29,10,7.4468,3.5714,8.7258,1.487,21.8319,2.6667,58.8321,25.4076,31.6195,22.8751,67.5509,34.4554,5.614,3.438,71.0239,45.335,24.6231,8.5489,41.1679,74.5924,68.3805,77.1249,32.4491,65.5446,94.386,96.562,28.9761,54.665,75.3769,91.4511,16.6667,6.3283,13.8199,7.8067,10.4111,11.3333,40.768,13.7014,33.6966,10.3751,18.6276,12.2732,9.9734,3.5342,8.1224,2.5783,4.2156,4.9164
Bihar,age_30_33,10,9.2511,3.58,9.8561,2.0033,22.9099,3.169,59.3918,25.6449,39.3632,25.0651,72.3106,39.4223,5.8176,1.6234,75.0095,49.4843,24.6684,12.3457,40.6082,74.3551,60.6368,74.9349,27.6894,60.5777,94.1824,98.3766,24.9905,50.5157,75.3316,87.6543,14.5374,6.5235,13.5032,9.015,9.8087,13.0282,40.768,13.7014,33.6966,10.3751,18.6276,12.2732,9.9734,3.5342,8.1224,2.5783,4.2156,4.9164
Bihar,age_34_plus,10,12.8107,4.9697,13.1299,7.29,24.9357,5.6004,78.0988,35.2194,40.1225,27.8912,81.0849,47.0027,12.7851,3.7634,81.7053,54.1994,33.8254,14.6328,21.9012,64.7806,59.8775,72.1088,18.9151,52.9973,87.2149,96.2366,18.2947,45.8006,66.1746,85.3672,11.2811,7.8931,13.3213,16.5214,9.6132,13.0517,40.768,13.7014,33.6966,10.3751,18.6276,12.2732,9.9734,3.5342,8.1224,2.5783,4.2156,4.9164
Sikkim,age_below10,11,97.4265,97.2571,97.5037,100.0,100.0,100.0,78.3797,78.3782,77.5353,78.3904,78.6148,78.728,64.2857,70.0,83.2138,79.4643,76.1905,75.0,21.6203,21.6218,22.4647,21.6096,21.3852,21.272,35.7143,30.0,16.7862,20.5357,23.8095,25.0,0.0,0.0,0.0,0.0,0.0,0.0,18.2547,16.8776,17.6345,0.0,22.7828,0.0,4.8503,2.7559,3.6952,0.0,6.5711,37.037
Sikkim,age_10_13,11,61.5074,61.3806,64.0441,66.6667,62.5,22.2222,15.5223,15.353,14.9206,12.2816,16.7309,14.0728,25.0,0.0,30.9904,33.0882,10.0,5.8824,84.4777,84.647,85.0794,87.7184,83.2691,85.9272,75.0,100.0,69.0096,66.9118,90.0,94.1176,3.7037,3.4204,3.0473,0.0,3.2407,0.0,18.2547,16.8776,17.6345,0.0,22.7828,0.0,4.8503,2.7559,3.6952,0.0,6.5711,37.037
Sikkim,age_14_17,11,21.4968,20.7054,22.0163,0.0,21.8543,10.0,14.7666,12.2929,14.8972,9.5593,15.3679,12.0701,14.2857,0.0,31.0502,38.1743,0.0,9.5238,85.2334,87.7071,85.1028,90.4407,84.6321,87.9299,85.7143,100.0,68.9498,61.8257,100.0,90.4762,25.207,24.6244,24.6308,66.6667,25.8278,50.0,18.2547,16.8776,17.6345,0.0,22.7828,0.0,4.8503,2.7559,3.6952,0.0,6.5711,37.037
Sikkim,age_18_21,11,15.4239,14.8784,16.2374,50.0,14.0,0.0,18.4846,13.3403,17.4734,10.7311,19.2535,14.052,0.0,0.0,46.2366,37.8049,0.0,1.4706,81.5154,86.6597,82.5266,89.2689,80.7465,85.948,100.0,100.0,53.7634,62.1951,100.0,98.5294,26.4556,25.7511,25.5671,0.0,22.0,0.0,18.2547,16.8776,17.6345,0.0,22.7828,0.0,4.8503,2.7559,3.6952,0.0,6.5711,37.037
Sikkim,age_22_25,11,16.4093,16.1899,16.3303,0.0,22.7273,0.0,24.0731,13.6233,19.6867,11.1362,24.086,13.3718,33.3333,14.2857,43.299,39.0667,0.0,0.0,75.9269,86.3767,80.3133,88.8638,75.914,86.6282,66.6667,85.7143,56.701,60.9333,100.0,100.0,21.7415,21.9766,20.9852,0.0,12.7273,16.6667,18.2547,16.8776,17.6345,0.0,22.7828,0.0,4.8503,2.7559,3.6952,0.0,6.5711,37.037
Sikkim,age_26_29,11,16.2651,17.1216,16.6721,0.0,22.6415,0.0,30.4901,14.3732,26.6828,13.7549,32.529,14.4685,0.0,0.0,56.1983,44.0922,0.0,0.5155,69.5099,85.6268,73.3172,86.2451,67.471,85.5315,100.0,100.0,43.8017,55.9078,100.0,99.4845,20.4819,20.6782,19.114,0.0,20.7547,0.0,18.2547,16.8776,17.6345,0.0,22.7828,0.0,4.8503,2.7559,3.6952,0.0,6.5711,37.037
Sikkim,age_30_33,11,18.3531,19.8254,19.4094,0.0,24.3243,0.0,42.2177,19.7755,36.6509,14.6998,45.3188,16.8094,11.1111,0.0,54.878,40.4806,9.0909,1.1111,57.7823,80.2245,63.3491,85.3002,54.6812,83.1906,88.8889,100.0,45.122,59.5194,90.9091,98.8889,20.4117,19.202,17.7535,25.0,9.4595,10.0,18.2547,16.8776,17.6345,0.0,22.7828,0.0,4.8503,2.7559,3.6952,0.0,6.5711,37.037
Sikkim,age_34_plus,11,26.1812,27.5645,26.761,20.0,25.6944,7.6923,74.4446,41.4237,63.7132,31.9202,73.3094,36.382,13.7931,9.7561,65.7957,42.117,25.7143,2.8037,25.5554,58.5763,36.2868,68.0798,26.6906,63.618,86.2069,90.2439,34.2043,57.883,74.2857,97.1963,14.1747,14.6633,13.5716,16.0,16.6667,15.3846,18.2547,16.8776,17.6345,0.0,22.7828,0.0,4.8503,2.7559,3.6952,0.0,6.5711,37.037
Arunachal Pradesh,age_below10,12,97.5762,96.7341,96.9409,100.0,96.1929,100.0,87.0925,85.2077,87.6808,85.9311,83.4302,81.0604,85.7143,64.8649,85.7246,83.9875,69.7917,73.6842,12.9075,14.7923,12.3192,14.0689,16.5698,18.9396,14.2857,35.1351,14.2754,16.0125,30.2083,26.3158,0.0,0.0,0.0,0.0,0.0,0.0,12.1918,14.2401,14.2839,34.4828,26.271,5.848,3.0262,3.5734,3.6012,0.0,5.1738,21.978
Arunachal Pradesh,age_10_13,12,60.5885,64.8059,52.5562,60.0,51.4957,24.3243,43.9654,31.7986,42.309,32.6456,32.8858,22.5528,44.4444,22.2222,44.6809,36.5736,15.9091,13.1579,56.0346,68.2014,57.691,67.3544,67.1142,77.4472,55.5556,77.7778,55.3191,63.4264,84.0909,86.8421,2.6773,2.904,5.4334,0.0,4.7009,13.5135,12.1918,14.2401,14.2839,34.4828,26.271,5.848,3.0262,3.5734,3.6012,0.0,5.1738,21.978
Arunachal Pradesh,age_14_17,12,20.6755,23.8411,17.5414,0.0,13.6213,10.3448,43.2689,29.4529,33.6774,22.1054,32.5524,19.1373,0.0,0.0,40.396,29.4311,6.4516,10.0,56.7311,70.5471,66.3226,77.8946,67.4476,80.8627,100.0,100.0,59.604,70.5689,93.5484,90.0,27.6946,25.1159,30.83,16.6667,31.8937,24.1379,12.1918,14.2401,14.2839,34.4828,26.271,5.848,3.0262,3.5734,3.6012,0.0,5.1738,21.978
Arunachal Pradesh,age_18_21,12,18.9281,15.9149,14.1662,0.0,19.1083,0.0,51.7196,32.7112,38.1773,22.5356,37.8289,22.4608,0.0,0.0,49.3548,33.4513,0.0,4.0,48.2804,67.2888,61.8227,77.4644,62.1711,77.5392,100.0,100.0,50.6452,66.5487,100.0,96.0,27.5441,25.3025,23.4668,0.0,19.1083,9.0909,12.1918,14.2401,14.2839,34.4828,26.271,5.848,3.0262,3.5734,3.6012,0.0,5.1738,21.978
Arunachal Pradesh,age_22_25,12,19.7318,15.0107,13.7388,0.0,13.0556,6.4516,58.7678,35.7458,47.3532,26.918,41.5275,19.8838,50.0,10.0,50.3448,29.8307,13.8889,1.1111,41.2322,64.2542,52.6468,73.082,58.4725,80.1162,50.0,90.0,49.6552,70.1693,86.1111,98.8889,24.8276,23.4215,21.7284,50.0,21.1111,19.3548,12.1918,14.2401,14.2839,34.4828,26.271,5.848,3.0262,3.5734,3.6012,0.0,5.1738,21.978
Arunachal Pradesh,age_26_29,12,19.7097,16.3621,12.5335,0.0,15.5263,2.6316,65.189,39.1091,59.2274,32.5197,44.3608,22.3042,6.6667,11.1111,54.5998,31.7382,24.0,2.193,34.811,60.8909,40.7726,67.4803,55.6392,77.6958,93.3333,88.8889,45.4002,68.2618,76.0,97.807,23.0337,20.6916,18.6941,14.2857,21.5789,18.4211,12.1918,14.2401,14.2839,34.4828,26.271,5.848,3.0262,3.5734,3.6012,0.0,5.1738,21.978
Arunachal Pradesh,age_30_33,12,22.6415,19.168,12.595,0.0,17.5732,0.0,70.5556,43.023,71.1617,37.1157,48.9616,21.3843,25.0,0.0,61.3269,31.0165,18.9189,1.5873,29.4444,56.977,28.8383,62.8843,51.0384,78.6157,75.0,100.0,38.6731,68.9835,81.0811,98.4127,19.4969,16.693,16.4704,16.6667,23.431,16.6667,12.1918,14.2401,14.2839,34.4828,26.271,5.848,3.0262,3.5734,3.6012,0.0,5.1738,21.978
Arunachal Pradesh,age_34_plus,12,31.1894,27.2071,15.9108,0.0,23.399,7.4074,88.6783,61.2289,90.3778,64.1271,66.3415,32.113,36.8421,6.6667,69.588,37.2856,36.4706,6.9498,11.3217,38.7711,9.6222,35.8729,33.6585,67.887,63.1579,93.3333,30.412,62.7144,63.5294,93.0502,13.4252,12.8183,14.8083,25.0,13.7931,20.3704,12.1918,14.2401,14.2839,34.4828,26.271,5.848,3.0262,3.5734,3.6012,0.0,5.1738,21.978
Nagaland,age_below10,13,96.1538,93.1083,93.9923,92.4528,90.8867,84.2105,76.3636,79.0698,79.2132,77.6953,79.1418,78.0208,67.6829,73.7113,91.4001,90.0616,74.3243,81.0811,23.6364,20.9302,20.7868,22.3047,20.8582,21.9792,32.3171,26.2887,8.5999,9.9384,25.6757,18.9189,0.0,0.0,0.0,0.0,0.0,0.0,8.4034,14.2152,16.7783,6.4516,28.9477,26.6667,8.0645,3.9036,4.7932,2.849,5.8458,13.6986
Nagaland,age_10_13,13,35.0,36.687,40.4485,17.1053,45.9016,18.1818,13.0435,21.5686,25.2527,22.7951,23.8799,20.226,9.5238,2.8169,63.8786,56.5679,37.1429,21.4286,86.9565,78.4314,74.7473,77.2049,76.1201,79.774,90.4762,97.1831,36.1214,43.4321,62.8571,78.5714,11.6667,8.0503,9.2281,17.1053,4.918,18.1818,8.4034,14.2152,16.7783,6.4516,28.9477,26.6667,8.0645,3.9036,4.7932,2.849,5.8458,13.6986
Nagaland,age_14_17,13,6.1224,8.6125,11.5774,3.2787,16.8022,3.3333,16.9492,14.7059,22.7848,19.618,20.4824,18.6207,1.6129,3.4884,55.914,46.6495,26.8293,29.5455,83.0508,85.2941,77.2152,80.382,79.5176,81.3793,98.3871,96.5116,44.086,53.3505,73.1707,70.4545,40.8163,38.916,37.7149,37.7049,31.9783,43.3333,8.4034,14.2152,16.7783,6.4516,28.9477,26.6667,8.0645,3.9036,4.7932,2.849,5.8458,13.6986
Nagaland,age_18_21,13,11.5385,6.6529,8.607,3.125,12.3153,16.6667,13.3333,8.1081,25.8268,21.914,23.6489,21.3265,5.8824,2.439,59.481,40.0786,53.8462,15.7895,86.6667,91.8919,74.1732,78.086,76.3511,78.6735,94.1176,97.561,40.519,59.9214,46.1538,84.2105,30.7692,28.1395,23.1597,9.375,26.1084,16.6667,8.4034,14.2152,16.7783,6.4516,28.9477,26.6667,8.0645,3.9036,4.7932,2.849,5.8458,13.6986
Nagaland,age_22_25,13,4.3478,6.4049,8.6677,0.0,13.6364,8.6957,23.3333,10.7143,29.3745,24.368,26.5551,18.5689,3.2258,2.3622,56.727,34.2977,32.3529,18.3908,76.6667,89.2857,70.6255,75.632,73.4449,81.4311,96.7742,97.6378,43.273,65.7023,67.6471,81.6092,17.3913,22.0847,21.6444,4.4444,25.8182,4.3478,8.4034,14.2152,16.7783,6.4516,28.9477,26.6667,8.0645,3.9036,4.7932,2.849,5.8458,13.6986
Nagaland,age_26_29,13,5.3571,8.2047,9.6456,0.9524,12.8773,0.0,22.2222,9.5745,33.8264,25.944,32.3758,17.1349,0.9434,0.0,65.3417,32.4239,12.5,9.1954,77.7778,90.4255,66.1736,74.056,67.6242,82.8651,99.0566,100.0,34.6583,67.5761,87.5,90.8046,25.0,21.8148,19.9014,7.619,21.1268,4.7619,8.4034,14.2152,16.7783,6.4516,28.9477,26.6667,8.0645,3.9036,4.7932,2.849,5.8458,13.6986
Nagaland,age_30_33,13,6.25,10.1464,11.1953,0.0,19.863,3.5714,27.2727,14.2857,38.7619,26.4893,36.9655,14.8062,5.4945,3.3333,71.7602,37.6151,15.1515,5.1852,72.7273,85.7143,61.2381,73.5107,63.0345,85.1938,94.5055,96.6667,28.2398,62.3849,84.8485,94.8148,9.375,22.4923,18.7356,12.7907,20.8904,14.2857,8.4034,14.2152,16.7783,6.4516,28.9477,26.6667,8.0645,3.9036,4.7932,2.849,5.8458,13.6986
Nagaland,age_34_plus,13,8.5714,16.1356,15.1611,9.0909,21.374,4.3478,53.6424,36.1111,59.6824,39.7679,49.4975,21.2727,12.8049,3.9267,75.3759,44.4752,30.303,9.0301,46.3576,63.8889,40.3176,60.2321,50.5025,78.7273,87.1951,96.0733,24.6241,55.5248,69.697,90.9699,20.0,19.1056,16.4561,16.4336,15.2672,17.3913,8.4034,14.2152,16.7783,6.4516,28.9477,26.6667,8.0645,3.9036,4.7932,2.849,5.8458,13.6986
Manipur,age_below10,14,95.6522,92.7026,94.5655,91.6667,93.4588,100.0,90.1288,88.1481,84.2494,82.806,80.3331,79.545,73.3333,69.2308,84.3179,82.6293,81.1881,77.3585,9.8712,11.8519,15.7506,17.194,19.6669,20.455,26.6667,30.7692,15.6821,17.3707,18.8119,22.6415,0.0,0.0,0.0,0.0,0.0,0.0,11.8765,12.9322,11.7475,31.5789,10.7265,11.1111,2.2573,3.7486,2.8728,12.0968,2.7142,20.4082
Manipur,age_10_13,14,50.0,46.7443,35.0635,15.3846,42.2056,33.3333,41.2844,20.6186,30.1323,25.982,13.7787,11.2784,1.8868,5.3571,31.9718,21.1069,10.6383,12.5,58.7156,79.3814,69.8677,74.018,86.2213,88.7216,98.1132,94.6429,68.0282,78.8931,89.3617,87.5,3.125,6.0807,11.1526,25.0,8.8359,19.0476,11.8765,12.9322,11.7475,31.5789,10.7265,11.1111,2.2573,3.7486,2.8728,12.0968,2.7142,20.4082
Manipur,age_14_17,14,20.8333,12.7131,4.5195,2.2222,9.083,7.1429,39.2405,18.4211,21.8433,17.0469,10.274,5.9791,4.2553,1.6129,32.0057,15.0666,12.5,8.8235,60.7595,81.5789,78.1567,82.9531,89.726,94.0209,95.7447,98.3871,67.9943,84.9334,87.5,91.1765,31.25,34.1096,50.7559,48.8889,44.3689,50.0,11.8765,12.9322,11.7475,31.5789,10.7265,11.1111,2.2573,3.7486,2.8728,12.0968,2.7142,20.4082
Manipur,age_18_21,14,20.0,8.8619,3.0552,0.0,6.1723,7.1429,53.4884,22.6415,23.7903,16.9041,13.1395,6.4114,6.8966,7.1429,41.5143,14.522,12.5,8.0,46.5116,77.3585,76.2097,83.0959,86.8605,93.5886,93.1034,92.8571,58.4857,85.478,87.5,92.0,15.0,30.2322,34.5866,0.0,38.6373,21.4286,11.8765,12.9322,11.7475,31.5789,10.7265,11.1111,2.2573,3.7486,2.8728,12.0968,2.7142,20.4082
Manipur,age_22_25,14,22.7273,7.2072,2.6226,1.4085,5.153,3.3898,54.1667,29.703,27.2895,17.5155,16.459,6.7824,5.3333,4.2857,49.4887,13.5945,10.6061,3.4483,45.8333,70.297,72.7105,82.4845,83.541,93.2176,94.6667,95.7143,50.5113,86.4055,89.3939,96.5517,22.7273,22.329,23.4829,5.6338,31.447,13.5593,11.8765,12.9322,11.7475,31.5789,10.7265,11.1111,2.2573,3.7486,2.8728,12.0968,2.7142,20.4082
Manipur,age_26_29,14,9.0909,8.4448,2.8607,0.0,6.3732,1.6393,63.7363,19.4175,34.7831,20.0503,23.3683,8.086,6.4516,2.4096,61.7924,16.3265,10.2941,4.7945,36.2637,80.5825,65.2169,79.9497,76.6317,91.914,93.5484,97.5904,38.2076,83.6735,89.7059,95.2055,27.2727,20.238,21.0993,8.6207,31.3732,6.5574,11.8765,12.9322,11.7475,31.5789,10.7265,11.1111,2.2573,3.7486,2.8728,12.0968,2.7142,20.4082
Manipur,age_30_33,14,0.0,10.2984,3.7595,0.0,10.2066,6.1224,76.9231,39.4366,41.0108,22.388,30.5957,9.1547,1.9231,1.3699,72.1291,20.0872,12.5,3.4146,23.0769,60.5634,58.9892,77.612,69.4043,90.8453,98.0769,98.6301,27.8709,79.9128,87.5,96.5854,25.0,20.5294,18.2841,3.9216,28.1152,4.0816,11.8765,12.9322,11.7475,31.5789,10.7265,11.1111,2.2573,3.7486,2.8728,12.0968,2.7142,20.4082
Manipur,age_34_plus,14,5.8824,16.4387,7.7461,4.7619,15.2696,3.4188,82.7411,41.1067,61.1591,32.8684,61.5336,20.7621,8.3333,3.8328,87.9115,33.594,31.1765,8.134,17.2589,58.8933,38.8409,67.1316,38.4664,79.2379,91.6667,96.1672,12.0885,66.406,68.8235,91.866,23.5294,19.5297,21.2511,16.0173,25.1869,15.3846,11.8765,12.9322,11.7475,31.5789,10.7265,11.1111,2.2573,3.7486,2.8728,12.0968,2.7142,20.4082
Mizoram,age_below10,15,91.6745,98.6675,98.0932,85.7143,100.0,100.0,89.1659,86.8198,75.224,75.5189,75.4933,75.2343,69.5652,94.1176,89.2909,88.6486,75.8621,76.4706,10.8341,13.1802,24.776,24.4811,24.5067,24.7657,30.4348,5.8824,10.7091,11.3514,24.1379,23.5294,0.0,0.0,0.0,0.0,0.0,0.0,9.7704,8.1968,11.7233,26.3158,24.9554,24.3902,2.8335,1.8563,5.1401,30.303,2.0284,0.0
Mizoram,age_10_13,15,81.6154,57.2422,55.54,100.0,61.194,44.4444,54.6473,41.7955,4.6267,4.6103,12.7295,9.8434,60.0,41.6667,44.856,47.1186,0.0,0.0,45.3527,58.2045,95.3733,95.3897,87.2705,90.1566,40.0,58.3333,55.144,52.8814,100.0,100.0,0.2411,1.9344,2.3843,0.0,2.2388,0.0,9.7704,8.1968,11.7233,26.3158,24.9554,24.3902,2.8335,1.8563,5.1401,30.303,2.0284,0.0
Mizoram,age_14_17,15,45.0457,13.9568,12.6496,66.6667,33.0189,50.0,53.9811,35.7938,2.9871,2.213,12.5561,10.4497,40.0,25.0,43.617,30.8559,33.3333,0.0,46.0189,64.2062,97.0129,97.787,87.4439,89.5503,60.0,75.0,56.383,69.1441,66.6667,100.0,5.4878,33.7541,37.9487,0.0,19.8113,0.0,9.7704,8.1968,11.7233,26.3158,24.9554,24.3902,2.8335,1.8563,5.1401,30.303,2.0284,0.0
Mizoram,age_18_21,15,30.5634,13.7686,9.8485,0.0,41.2698,,54.0453,31.199,3.0959,2.359,17.2414,22.1037,0.0,40.0,25.8824,18.4433,,33.3333,45.9547,68.801,96.9041,97.641,82.7586,77.8963,100.0,60.0,74.1176,81.5567,,66.6667,14.0845,33.9909,31.8182,50.0,19.0476,,9.7704,8.1968,11.7233,26.3158,24.9554,24.3902,2.8335,1.8563,5.1401,30.303,2.0284,0.0
Mizoram,age_22_25,15,31.4264,14.1135,10.8434,60.0,21.1268,0.0,58.5974,31.9293,3.3716,2.6192,16.443,36.4804,16.6667,28.5714,36.8889,17.0797,0.0,0.0,41.4026,68.0707,96.6284,97.3808,83.557,63.5196,83.3333,71.4286,63.1111,82.9203,100.0,100.0,11.2927,29.8416,21.6867,20.0,30.2817,40.0,9.7704,8.1968,11.7233,26.3158,24.9554,24.3902,2.8335,1.8563,5.1401,30.303,2.0284,0.0
Mizoram,age_26_29,15,28.6749,17.1034,11.0828,0.0,28.972,0.0,64.4983,34.4828,4.0381,2.7992,17.801,28.6918,66.6667,33.3333,43.6842,17.0588,30.0,2.439,35.5017,65.5172,95.9619,97.2008,82.199,71.3082,33.3333,66.6667,56.3158,82.9412,70.0,97.561,8.5921,25.7846,20.1274,25.0,21.4953,0.0,9.7704,8.1968,11.7233,26.3158,24.9554,24.3902,2.8335,1.8563,5.1401,30.303,2.0284,0.0
Mizoram,age_30_33,15,28.4053,23.3163,16.129,,37.6238,11.1111,70.2863,40.7028,5.9493,3.1695,18.0978,15.5222,100.0,14.2857,38.0368,18.2819,0.0,4.878,29.7137,59.2972,94.0507,96.8305,81.9022,84.4778,0.0,85.7143,61.9632,81.7181,100.0,95.122,7.6412,24.1893,16.129,,14.8515,33.3333,9.7704,8.1968,11.7233,26.3158,24.9554,24.3902,2.8335,1.8563,5.1401,30.303,2.0284,0.0
Mizoram,age_34_plus,15,26.267,53.1459,27.8862,44.4444,49.0826,25.0,79.8254,53.7232,14.7983,5.429,26.611,13.805,40.0,35.8974,40.4372,20.1777,20.0,9.322,20.1746,46.2768,85.2017,94.571,73.389,86.195,60.0,64.1026,59.5628,79.8223,80.0,90.678,3.5229,12.6265,15.3659,11.1111,10.0917,0.0,9.7704,8.1968,11.7233,26.3158,24.9554,24.3902,2.8335,1.8563,5.1401,30.303,2.0284,0.0
Tripura,age_below10,16,98.597,97.3243,98.2815,86.6667,98.443,100.0,83.9394,80.2822,77.0076,74.7815,75.179,73.9589,69.3878,67.4419,78.5173,77.2564,85.7143,80.0,16.0606,19.7178,22.9924,25.2185,24.821,26.0411,30.6122,32.5581,21.4827,22.7436,14.2857,20.0,0.0,0.0,0.0,0.0,0.0,0.0,14.8862,11.4582,17.3104,21.978,27.411,25.0,2.7878,3.4599,3.2048,0.0,3.0432,31.25
Tripura,age_10_13,16,62.4928,48.17,51.535,21.0526,64.5179,50.0,36.5342,24.9589,23.3624,16.5053,13.9232,9.6976,5.0,7.1429,18.1153,15.0395,0.0,9.0909,63.4658,75.0411,76.6376,83.4947,86.0768,90.3024,95.0,92.8571,81.8847,84.9605,100.0,90.9091,2.2029,4.1146,3.4403,0.0,1.5503,16.6667,14.8862,11.4582,17.3104,21.978,27.411,25.0,2.7878,3.4599,3.2048,0.0,3.0432,31.25
Tripura,age_14_17,16,27.1615,15.6786,15.7273,10.5263,26.9032,0.0,39.6617,22.4707,23.417,13.0648,14.3999,8.0431,13.6364,0.0,23.5809,15.7384,16.6667,0.0,60.3383,77.5293,76.583,86.9352,85.6001,91.9569,86.3636,100.0,76.4191,84.2616,83.3333,100.0,26.4114,35.3094,35.6994,36.8421,24.6366,60.0,14.8862,11.4582,17.3104,21.978,27.411,25.0,2.7878,3.4599,3.2048,0.0,3.0432,31.25
Tripura,age_18_21,16,24.6407,16.0912,15.7142,0.0,27.0095,0.0,53.7512,29.0909,27.8791,12.8811,18.5843,9.3503,0.0,27.2727,32.2251,17.9141,0.0,0.0,46.2488,70.9091,72.1209,87.1189,81.4157,90.6497,100.0,72.7273,67.7749,82.0859,100.0,100.0,25.9754,30.7028,28.3718,50.0,23.3156,0.0,14.8862,11.4582,17.3104,21.978,27.411,25.0,2.7878,3.4599,3.2048,0.0,3.0432,31.25
Tripura,age_22_25,16,23.924,15.1639,16.086,0.0,31.6098,9.0909,57.8861,30.6094,33.2351,14.1329,21.453,9.7358,17.6471,13.3333,40.8258,21.0231,15.3846,1.1628,42.1139,69.3906,66.7649,85.8671,78.547,90.2642,82.3529,86.6667,59.1742,78.9769,84.6154,98.8372,23.4209,29.319,26.1591,14.2857,19.1098,27.2727,14.8862,11.4582,17.3104,21.978,27.411,25.0,2.7878,3.4599,3.2048,0.0,3.0432,31.25
Tripura,age_26_29,16,26.8414,16.062,19.0551,6.6667,37.5521,7.1429,66.0168,34.7462,39.5957,16.2913,27.3854,12.672,16.6667,12.5,52.8556,27.2993,6.6667,0.0,33.9832,65.2538,60.4043,83.7087,72.6146,87.328,83.3333,87.5,47.1444,72.7007,93.3333,100.0,20.4674,28.8482,25.1109,13.3333,16.7223,21.4286,14.8862,11.4582,17.3104,21.978,27.411,25.0,2.7878,3.4599,3.2048,0.0,3.0432,31.25
Tripura,age_30_33,16,29.0888,19.2671,22.4428,0.0,43.508,0.0,73.9422,43.4587,48.7916,16.7657,33.7876,15.1487,29.1667,10.0,63.7361,33.949,10.5263,0.3759,26.0578,56.5413,51.2084,83.2343,66.2124,84.8513,70.8333,90.0,36.2639,66.051,89.4737,99.6241,15.1869,26.7074,22.8779,23.5294,12.9515,11.7647,14.8862,11.4582,17.3104,21.978,27.411,25.0,2.7878,3.4599,3.2048,0.0,3.0432,31.25
Tripura,age_34_plus,16,39.0087,31.6456,31.5422,13.2075,49.3783,17.6471,85.7,55.9,70.2591,33.8389,52.1744,25.4124,28.3784,15.7407,78.9249,47.3015,5.5556,1.0204,14.3,44.1,29.7409,66.1611,47.8256,74.5876,71.6216,84.2593,21.0751,52.6985,94.4444,98.9796,13.2945,18.4575,17.2945,39.6226,10.5203,17.6471,14.8862,11.4582,17.3104,21.978,27.411,25.0,2.7878,3.4599,3.2048,0.0,3.0432,31.25
Meghalaya,age_below10,17,96.875,95.3595,94.9274,88.2353,93.7333,96.5517,85.1163,82.4528,86.0549,86.8793,81.024,79.8886,79.5181,85.0,89.8717,89.7505,77.4319,73.7374,14.8837,17.5472,13.9451,13.1207,18.976,20.1114,20.4819,15.0,10.1283,10.2495,22.5681,26.2626,0.0,0.0,0.0,0.0,0.0,0.0,24.055,14.2242,17.9418,0.0,22.6127,14.2276,8.2305,2.951,5.2202,0.0,4.7207,3.4904
Meghalaya,age_10_13,17,47.7419,65.7381,49.3342,31.8182,61.6129,62.2222,31.4159,28.91,27.7613,31.5743,26.0401,21.931,38.8889,48.3871,53.6102,48.7336,16.6667,11.6883,68.5841,71.09,72.2387,68.4257,73.9599,78.069,61.1111,51.6129,46.3898,51.2664,83.3333,88.3117,10.9677,3.105,7.4971,18.1818,4.6774,1.1111,24.055,14.2242,17.9418,0.0,22.6127,14.2276,8.2305,2.951,5.2202,0.0,4.7207,3.4904
Meghalaya,age_14_17,17,18.6441,31.2688,17.1531,5.5556,22.9693,15.5963,18.4332,17.316,18.9543,23.7576,23.0634,18.2076,25.0,30.303,46.2561,44.1292,14.1732,21.3115,81.5668,82.684,81.0457,76.2424,76.9366,81.7924,75.0,69.697,53.7439,55.8708,85.8268,78.6885,30.5085,22.5529,33.7203,27.7778,30.2313,30.2752,24.055,14.2242,17.9418,0.0,22.6127,14.2276,8.2305,2.951,5.2202,0.0,4.7207,3.4904
Meghalaya,age_18_21,17,6.1224,25.2087,13.6824,22.2222,16.469,13.2075,16.9492,16.0256,21.7038,22.8876,27.2089,18.0475,35.7143,44.4444,53.0322,40.1322,30.2632,8.2645,83.0508,83.9744,78.2962,77.1124,72.7911,81.9525,64.2857,55.5556,46.9678,59.8678,69.7368,91.7355,27.551,22.4949,24.3967,11.1111,23.3202,30.1887,24.055,14.2242,17.9418,0.0,22.6127,14.2276,8.2305,2.951,5.2202,0.0,4.7207,3.4904
Meghalaya,age_22_25,17,10.0,26.4551,13.5734,15.7895,15.1797,8.8889,20.354,9.4915,25.0086,24.5178,30.1713,17.1797,34.4828,19.3548,57.7487,41.4939,36.1702,13.913,79.646,90.5085,74.9914,75.4822,69.8287,82.8203,65.5172,80.6452,42.2513,58.5061,63.8298,86.087,23.3333,17.2081,18.4916,0.0,18.6493,23.3333,24.055,14.2242,17.9418,0.0,22.6127,14.2276,8.2305,2.951,5.2202,0.0,4.7207,3.4904
Meghalaya,age_26_29,17,9.5588,30.1755,15.6526,0.0,18.117,16.25,33.3333,22.0994,32.465,27.6428,37.7611,20.4241,34.375,15.3846,64.871,46.178,35.4839,18.125,66.6667,77.9006,67.535,72.3572,62.2389,79.5759,65.625,84.6154,35.129,53.822,64.5161,81.875,17.6471,14.0279,17.2318,14.2857,19.4009,13.75,24.055,14.2242,17.9418,0.0,22.6127,14.2276,8.2305,2.951,5.2202,0.0,4.7207,3.4904
Meghalaya,age_30_33,17,21.2121,33.0313,16.7385,0.0,21.7438,10.1695,35.2941,17.1779,36.3015,28.6661,42.2428,20.1531,17.8571,16.0,71.4505,50.5203,42.1569,13.1868,64.7059,82.8221,63.6985,71.3339,57.7572,79.8469,82.1429,84.0,28.5495,49.4797,57.8431,86.8132,25.2525,12.2551,16.3538,8.6957,17.5457,15.2542,24.055,14.2242,17.9418,0.0,22.6127,14.2276,8.2305,2.951,5.2202,0.0,4.7207,3.4904
Meghalaya,age_34_plus,17,20.339,41.9318,21.9117,6.4103,35.7559,14.6067,51.4803,27.907,52.134,35.9478,54.4507,26.3475,35.5372,18.6335,78.4658,54.916,50.9642,24.0296,48.5197,72.093,47.866,64.0522,45.5493,73.6525,64.4628,81.3665,21.5342,45.084,49.0358,75.9704,20.678,9.8946,13.8141,11.5385,11.7541,10.6742,24.055,14.2242,17.9418,0.0,22.6127,14.2276,8.2305,2.951,5.2202,0.0,4.7207,3.4904
Assam,age_below10,18,95.1747,95.7667,95.4243,95.3206,96.1416,92.8717,77.4653,75.5306,82.2651,80.6295,77.3927,75.7565,68.3662,70.0367,85.8491,85.0715,68.3226,70.1156,22.5347,24.4694,17.7349,19.3705,22.6073,24.2435,31.6338,29.9633,14.1509,14.9285,31.6774,29.8844,0.0,0.0,0.0,0.0,0.0,0.0,14.198,13.3897,16.2632,17.3793,21.1167,15.2116,3.0811,3.0741,3.3134,3.1687,2.6428,4.0311
Assam,age_10_13,18,40.6904,53.3875,35.3601,21.2911,49.0675,26.0749,20.532,17.8558,33.8357,27.8925,21.9154,15.9741,3.3917,2.6804,38.8308,36.8212,8.3863,4.0046,79.468,82.1442,66.1643,72.1075,78.0846,84.0259,96.6083,97.3196,61.1692,63.1788,91.6137,95.9954,9.0481,4.8881,10.6674,14.3828,6.0585,12.344,14.198,13.3897,16.2632,17.3793,21.1167,15.2116,3.0811,3.0741,3.3134,3.1687,2.6428,4.0311
Assam,age_14_17,18,12.0631,20.3875,10.4692,1.0381,17.7652,4.3956,19.0324,14.4535,34.1941,26.2358,21.209,14.3493,2.2548,3.1938,37.1216,35.229,7.278,3.9642,80.9676,85.5465,65.8059,73.7642,78.791,85.6507,97.7452,96.8062,62.8784,64.771,92.722,96.0358,38.726,31.4718,43.6575,45.7901,37.7533,44.427,14.198,13.3897,16.2632,17.3793,21.1167,15.2116,3.0811,3.0741,3.3134,3.1687,2.6428,4.0311
Assam,age_18_21,18,10.9541,17.5609,9.7272,1.432,18.097,4.1667,23.9928,13.4862,39.4083,27.7073,24.6775,14.9936,4.3379,2.5948,45.6267,35.1846,11.8644,2.7778,76.0072,86.5138,60.5917,72.2927,75.3225,85.0064,95.6621,97.4052,54.3733,64.8154,88.1356,97.2222,26.1484,27.351,27.8111,9.0692,25.7085,20.1923,14.198,13.3897,16.2632,17.3793,21.1167,15.2116,3.0811,3.0741,3.3134,3.1687,2.6428,4.0311
Assam,age_22_25,18,9.8632,18.0372,9.6583,0.8841,18.6502,3.8511,27.8486,13.7465,44.8493,28.279,28.4307,15.078,3.5071,2.2189,52.7186,35.1767,9.5238,3.3694,72.1514,86.2535,55.1507,71.721,71.5693,84.922,96.4929,97.7811,47.2814,64.8233,90.4762,96.6306,24.1163,23.5358,24.0054,6.0904,23.7604,17.3299,14.198,13.3897,16.2632,17.3793,21.1167,15.2116,3.0811,3.0741,3.3134,3.1687,2.6428,4.0311
Assam,age_26_29,18,13.5338,20.6725,13.0251,1.4778,22.5905,4.3695,38.1134,17.3292,53.7975,32.7461,36.1785,19.082,3.2412,2.4876,61.8413,41.0738,14.1479,3.4763,61.8866,82.6708,46.2025,67.2539,63.8215,80.918,96.7588,97.5124,38.1587,58.9262,85.8521,96.5237,20.7109,20.4085,22.3175,12.7094,22.0059,22.3471,14.198,13.3897,16.2632,17.3793,21.1167,15.2116,3.0811,3.0741,3.3134,3.1687,2.6428,4.0311
Assam,age_30_33,18,17.002,25.0926,16.9605,1.8443,28.4708,4.8649,44.4693,18.8199,60.5056,37.0784,42.5432,22.514,4.3137,2.3593,68.9491,46.8943,14.5497,3.7206,55.5307,81.1801,39.4944,62.9216,57.4568,77.486,95.6863,97.6407,31.0509,53.1057,85.4503,96.2794,18.7123,17.6535,20.4236,15.2664,19.0047,19.1892,14.198,13.3897,16.2632,17.3793,21.1167,15.2116,3.0811,3.0741,3.3134,3.1687,2.6428,4.0311
Assam,age_34_plus,18,30.1222,34.2864,28.7666,13.1266,42.3892,10.8157,60.5054,27.5111,70.1797,42.9582,57.2743,27.7557,11.9193,2.6683,79.7076,51.2832,25.0338,7.303,39.4946,72.4889,29.8203,57.0418,42.7257,72.2443,88.0807,97.3317,20.2924,48.7168,74.9662,92.697,16.6068,13.8095,17.2645,21.6749,13.3519,19.3781,14.198,13.3897,16.2632,17.3793,21.1167,15.2116,3.0811,3.0741,3.3134,3.1687,2.6428,4.0311
West Bengal,age_below10,19,94.571,97.3747,97.8324,96.7343,97.5472,96.2138,73.073,71.384,76.425,74.5962,75.1204,73.7021,70.1842,68.6535,79.7435,79.4053,71.0509,69.7321,26.927,28.616,23.575,25.4038,24.8796,26.2979,29.8158,31.3465,20.2565,20.5947,28.9491,30.2679,0.0,0.0,0.0,0.0,0.0,0.0,22.2794,15.8234,22.6793,13.2629,27.9635,17.3607,5.1797,3.5045,4.1395,2.9572,3.8238,6.8978
West Bengal,age_10_13,19,49.4106,57.7473,51.6604,35.753,65.1107,39.7248,10.6982,8.6614,18.8865,14.2653,17.0721,10.9206,4.5008,2.6328,24.0757,23.6577,7.2458,5.2371,89.3018,91.3386,81.1135,85.7347,82.9279,89.0794,95.4992,97.3672,75.9243,76.3423,92.7542,94.7629,5.4106,3.305,3.8377,7.9632,2.0212,7.3236,22.2794,15.8234,22.6793,13.2629,27.9635,17.3607,5.1797,3.5045,4.1395,2.9572,3.8238,6.8978
West Bengal,age_14_17,19,15.2183,20.1042,17.625,4.3165,28.1338,6.0947,11.6215,7.9476,20.7339,14.3167,19.5998,11.8276,4.2794,2.741,29.1802,26.2987,7.5423,5.5097,88.3785,92.0524,79.2661,85.6833,80.4002,88.1724,95.7206,97.259,70.8198,73.7013,92.4577,94.4903,34.7609,30.0694,32.3609,46.5057,22.4292,42.6629,22.2794,15.8234,22.6793,13.2629,27.9635,17.3607,5.1797,3.5045,4.1395,2.9572,3.8238,6.8978
West Bengal,age_18_21,19,15.2961,17.4074,17.9601,4.3571,28.4252,4.1978,16.2832,9.9877,28.4894,15.9666,24.5852,13.3627,5.332,2.0739,37.6108,28.6025,8.766,4.6414,83.7168,90.0123,71.5106,84.0334,75.4148,86.6373,94.668,97.9261,62.3892,71.3975,91.234,95.3586,26.4167,26.7531,23.3009,12.1148,19.705,21.0821,22.2794,15.8234,22.6793,13.2629,27.9635,17.3607,5.1797,3.5045,4.1395,2.9572,3.8238,6.8978
West Bengal,age_22_25,19,15.805,17.3387,19.2811,3.4017,32.0408,5.5707,20.4403,10.8169,32.7552,17.6355,29.0984,14.3591,6.3699,2.1477,45.0989,30.9929,10.899,5.4851,79.5597,89.1831,67.2448,82.3645,70.9016,85.6409,93.6301,97.8523,54.9011,69.0071,89.101,94.5149,23.0921,22.5683,21.4887,6.9341,17.5287,15.3097,22.2794,15.8234,22.6793,13.2629,27.9635,17.3607,5.1797,3.5045,4.1395,2.9572,3.8238,6.8978
West Bengal,age_26_29,19,18.0841,18.7814,21.582,3.6827,36.5538,7.0434,26.5996,12.3852,38.1042,21.1857,34.5267,17.6999,7.4301,2.6373,53.661,35.9755,12.8641,6.7272,73.4004,87.6148,61.8958,78.8143,65.4733,82.3001,92.5699,97.3627,46.339,64.0245,87.1359,93.2728,21.3442,21.2444,21.8028,9.6317,16.6267,16.8723,22.2794,15.8234,22.6793,13.2629,27.9635,17.3607,5.1797,3.5045,4.1395,2.9572,3.8238,6.8978
West Bengal,age_30_33,19,21.0637,20.4945,22.858,3.8725,40.0853,7.1845,33.7921,14.0649,42.8853,23.4893,38.9881,20.7719,8.4791,3.0822,60.9498,40.7087,15.4351,7.0517,66.2079,85.9351,57.1147,76.5107,61.0119,79.2281,91.5209,96.9178,39.0502,59.2913,84.5649,92.9483,19.4521,21.0372,21.7929,11.5686,16.0722,18.0583,22.2794,15.8234,22.6793,13.2629,27.9635,17.3607,5.1797,3.5045,4.1395,2.9572,3.8238,6.8978
West Bengal,age_34_plus,19,27.6802,22.3563,30.4622,11.766,48.3308,12.3122,56.9375,25.2179,51.2844,29.234,51.9042,23.6105,16.4696,3.7261,74.446,44.0083,27.9063,11.2834,43.0625,74.7821,48.7156,70.766,48.0958,76.3895,83.5304,96.2739,25.554,55.9917,72.0937,88.7166,17.8323,18.7358,19.2168,16.134,13.0898,18.4619,22.2794,15.8234,22.6793,13.2629,27.9635,17.3607,5.1797,3.5045,4.1395,2.9572,3.8238,6.8978
Jharkhand,age_below10,20,96.6942,95.8711,95.5033,94.7644,92.1617,95.2505,81.1526,82.0,80.5841,79.668,84.1099,80.3766,70.4334,73.0035,84.4428,81.6347,71.0661,71.1318,18.8474,18.0,19.4159,20.332,15.8901,19.6234,29.5666,26.9965,15.5572,18.3653,28.9339,28.8682,0.0,0.0,0.0,0.0,0.0,0.0,20.7156,10.7559,31.2703,13.4867,25.0038,13.8318,7.8064,2.7784,5.7478,1.8136,4.0592,4.228
Jharkhand,age_10_13,20,44.2424,45.3753,45.1373,27.5923,52.5247,32.0972,33.4677,17.5439,21.858,17.7282,38.5367,22.1711,10.1106,4.9062,37.7392,25.6756,8.1568,6.8827,66.5323,82.4561,78.142,82.2718,61.4633,77.8289,89.8894,95.0938,62.2608,74.3244,91.8432,93.1173,7.8788,8.5637,8.7964,13.7083,7.1003,12.7142,20.7156,10.7559,31.2703,13.4867,25.0038,13.8318,7.8064,2.7784,5.7478,1.8136,4.0592,4.228
Jharkhand,age_14_17,20,9.322,10.5669,11.0627,2.9038,21.2015,3.7355,31.3953,19.1057,18.8952,12.9719,38.8451,18.6473,7.5503,2.4653,37.5948,23.4551,7.1801,5.4023,68.6047,80.8943,81.1048,87.0281,61.1549,81.3527,92.4497,97.5347,62.4052,76.5449,92.8199,94.5977,32.2034,39.9493,36.8536,42.6497,26.5819,41.2231,20.7156,10.7559,31.2703,13.4867,25.0038,13.8318,7.8064,2.7784,5.7478,1.8136,4.0592,4.228
Jharkhand,age_18_21,20,5.9701,7.0122,8.8444,0.9709,18.6553,2.3179,30.9278,13.4454,21.2504,12.9286,48.3557,18.6845,6.9277,3.1447,45.4135,22.8753,8.7062,3.4816,69.0722,86.5546,78.7496,87.0714,51.6443,81.3155,93.0723,96.8553,54.5865,77.1247,91.2938,96.5184,16.4179,27.7738,20.6236,13.9159,16.0566,14.7682,20.7156,10.7559,31.2703,13.4867,25.0038,13.8318,7.8064,2.7784,5.7478,1.8136,4.0592,4.228
Jharkhand,age_22_25,20,10.2941,5.9859,9.189,2.1382,20.9634,2.4613,43.0962,15.4676,27.0512,13.7272,56.2367,21.2155,9.2537,2.4204,53.8077,24.387,10.5055,3.4797,56.9038,84.5324,72.9488,86.2728,43.7633,78.7845,90.7463,97.5796,46.1923,75.613,89.4945,96.5203,15.4412,21.3456,17.1726,5.9211,12.8298,10.6027,20.7156,10.7559,31.2703,13.4867,25.0038,13.8318,7.8064,2.7784,5.7478,1.8136,4.0592,4.228
Jharkhand,age_26_29,20,13.6364,6.9458,10.7705,2.3569,23.5261,3.1217,51.2915,18.107,35.8148,18.1053,62.958,26.9762,9.4512,1.8336,60.3506,28.4486,12.4386,5.2304,48.7085,81.893,64.1852,81.8947,37.042,73.0238,90.5488,98.1664,39.6494,71.5514,87.5614,94.7696,17.4242,19.0535,15.9519,6.9024,11.9911,13.2936,20.7156,10.7559,31.2703,13.4867,25.0038,13.8318,7.8064,2.7784,5.7478,1.8136,4.0592,4.228
Jharkhand,age_30_33,20,8.2353,8.9069,12.3717,1.7452,25.4739,3.4456,62.0536,23.348,44.1789,23.0233,69.5672,33.0567,11.9816,3.653,66.9244,33.6303,13.9574,6.188,37.9464,76.652,55.8211,76.9767,30.4328,66.9433,88.0184,96.347,33.0756,66.3697,86.0426,93.812,10.5882,18.7876,15.259,9.2496,11.5089,14.4019,20.7156,10.7559,31.2703,13.4867,25.0038,13.8318,7.8064,2.7784,5.7478,1.8136,4.0592,4.228
Jharkhand,age_34_plus,20,10.5263,12.9649,15.5836,8.8151,27.8054,8.4024,65.0976,33.7209,58.4689,31.1078,78.0024,41.6487,18.997,4.8758,76.9291,40.7486,28.2798,10.0538,34.9024,66.2791,41.5311,68.8922,21.9976,58.3513,81.003,95.1242,23.0709,59.2514,71.7202,89.9462,18.0921,14.9048,14.4725,13.2021,10.6671,15.2751,20.7156,10.7559,31.2703,13.4867,25.0038,13.8318,7.8064,2.7784,5.7478,1.8136,4.0592,4.228
State - ORISSA  21,age_below10,21,94.9612,96.9976,96.6765,96.2264,95.8203,97.2222,73.2365,75.8974,82.5932,79.3297,78.919,76.5731,69.8435,71.4834,76.6941,75.0643,70.1807,69.8558,26.7635,24.1026,17.4068,20.6703,21.081,23.4269,30.1565,28.5166,23.3059,24.9357,29.8193,30.1442,0.0,0.0,0.0,0.0,0.0,0.0,15.5729,10.9936,12.9051,11.4943,11.7928,9.5932,2.6385,1.8385,2.3764,2.649,2.0812,3.7288
State - ORISSA  21,age_10_13,21,38.6861,40.2157,34.8714,18.883,36.3115,32.3029,10.0656,6.0484,33.3109,20.0544,25.8003,15.1173,2.8424,2.1978,19.964,15.5135,3.7202,3.8667,89.9344,93.9516,66.6891,79.9456,74.1997,84.8827,97.1576,97.8022,80.036,84.4865,96.2798,96.1333,7.056,7.4661,8.83,15.9574,9.6189,8.6553,15.5729,10.9936,12.9051,11.4943,11.7928,9.5932,2.6385,1.8385,2.3764,2.649,2.0812,3.7288
State - ORISSA  21,age_14_17,21,11.9632,11.8962,11.6395,1.0582,12.2759,2.2767,13.5279,5.6604,35.1481,19.6576,27.9848,14.3212,2.8278,1.3736,21.6465,14.6112,5.7756,2.2255,86.4721,94.3396,64.8519,80.3424,72.0152,85.6788,97.1722,98.6264,78.3535,85.3888,94.2244,97.7745,33.4356,38.6639,37.3771,40.2116,35.0211,43.0823,15.5729,10.9936,12.9051,11.4943,11.7928,9.5932,2.6385,1.8385,2.3764,2.649,2.0812,3.7288
State - ORISSA  21,age_18_21,21,9.1503,10.964,12.0987,1.4706,12.4339,2.5974,14.0449,11.1702,41.6712,21.4056,31.3956,14.7525,1.9231,1.9608,23.32,15.0693,4.3478,2.7431,85.9551,88.8298,58.3288,78.5944,68.6044,85.2475,98.0769,98.0392,76.68,84.9307,95.6522,97.2569,17.6471,22.3935,19.2425,8.3333,18.7947,10.7143,15.5729,10.9936,12.9051,11.4943,11.7928,9.5932,2.6385,1.8385,2.3764,2.649,2.0812,3.7288
State - ORISSA  21,age_22_25,21,14.3302,11.1787,13.6071,1.1765,15.3267,2.1531,20.7407,13.5632,47.9311,23.2431,37.3303,15.7271,4.0632,2.1401,27.9912,14.978,3.6866,2.9167,79.2593,86.4368,52.0689,76.7569,62.6697,84.2729,95.9368,97.8599,72.0088,85.022,96.3134,97.0833,11.838,20.2224,16.2204,8.2353,15.6838,10.4067,15.5729,10.9936,12.9051,11.4943,11.7928,9.5932,2.6385,1.8385,2.3764,2.649,2.0812,3.7288
State - ORISSA  21,age_26_29,21,18.1818,13.6648,17.982,3.1746,19.7291,2.2253,31.8807,9.589,57.6484,31.219,46.9215,21.2948,5.2632,3.4965,35.9968,17.6306,9.4458,4.1758,68.1193,90.411,42.3516,68.781,53.0785,78.7052,94.7368,96.5035,64.0032,82.3694,90.5542,95.8242,17.1717,19.8471,14.8651,11.3757,13.3557,12.7955,15.5729,10.9936,12.9051,11.4943,11.7928,9.5932,2.6385,1.8385,2.3764,2.649,2.0812,3.7288
State - ORISSA  21,age_30_33,21,27.3256,15.4516,22.2713,3.0488,23.9151,3.7607,43.2343,14.5503,64.2459,37.3098,54.2357,25.7268,7.6056,1.7544,42.9298,21.1269,10.8232,4.7315,56.7657,85.4497,35.7541,62.6902,45.7643,74.2732,92.3944,98.2456,57.0702,78.8731,89.1768,95.2685,11.6279,18.3744,12.3634,14.6341,11.3743,12.4786,15.5729,10.9936,12.9051,11.4943,11.7928,9.5932,2.6385,1.8385,2.3764,2.649,2.0812,3.7288
State - ORISSA  21,age_34_plus,21,42.757,19.7351,33.7258,13.64,33.3042,8.9038,72.2078,28.2573,73.9153,46.1199,69.2686,32.3401,19.0725,3.0502,59.2689,25.5684,24.3938,7.5638,27.7922,71.7427,26.0847,53.8801,30.7314,67.6599,80.9275,96.9498,40.7311,74.4316,75.6062,92.4362,6.5421,11.6654,7.1766,12.9944,7.9408,14.8875,15.5729,10.9936,12.9051,11.4943,11.7928,9.5932,2.6385,1.8385,2.3764,2.649,2.0812,3.7288
Chhattisgarh,age_below10,22,98.4154,98.4716,98.475,98.1329,96.9862,97.9118,71.5367,72.4384,74.9018,74.6871,78.3331,76.7197,70.6166,70.3599,73.6069,73.2213,70.6952,71.5971,28.4633,27.5616,25.0982,25.3129,21.6669,23.2803,29.3834,29.6401,26.3931,26.7787,29.3048,28.4029,0.0,0.0,0.0,0.0,0.0,0.0,6.6913,8.0779,15.904,7.4379,10.4158,10.7945,3.6903,2.3546,4.5859,2.6475,3.1209,2.6621
Chhattisgarh,age_10_13,22,40.2788,43.7101,53.1511,25.5461,41.3378,33.894,2.6783,2.0171,7.0172,4.3181,17.7692,9.4374,1.1268,0.7155,6.9167,4.6502,4.2032,3.0868,97.3217,97.9829,92.9828,95.6819,82.2308,90.5626,98.8732,99.2845,93.0833,95.3498,95.7968,96.9132,4.4675,3.8913,2.3791,10.7312,5.7195,7.4954,6.6913,8.0779,15.904,7.4379,10.4158,10.7945,3.6903,2.3546,4.5859,2.6475,3.1209,2.6621
Chhattisgarh,age_14_17,22,5.5288,6.2223,15.1281,1.0345,8.0711,3.3456,3.0303,2.3165,7.7637,4.5205,22.7065,10.3421,1.0721,0.4715,8.1657,4.7834,4.4072,2.9504,96.9697,97.6835,92.2363,95.4795,77.2935,89.6579,98.9279,99.5285,91.8343,95.2166,95.5928,97.0496,39.0625,42.2425,29.3109,40.9852,37.0727,41.5749,6.6913,8.0779,15.904,7.4379,10.4158,10.7945,3.6903,2.3546,4.5859,2.6475,3.1209,2.6621
Chhattisgarh,age_18_21,22,4.5455,5.3022,14.4135,0.999,8.0328,2.7295,4.3478,2.4642,11.9044,6.5188,30.8955,11.6324,1.5733,1.0027,11.2126,5.9202,3.6653,3.3613,95.6522,97.5358,88.0956,93.4812,69.1045,88.3676,98.4267,98.9973,88.7874,94.0798,96.3347,96.6387,28.4512,26.905,23.8903,7.4925,24.6973,13.8131,6.6913,8.0779,15.904,7.4379,10.4158,10.7945,3.6903,2.3546,4.5859,2.6475,3.1209,2.6621
Chhattisgarh,age_22_25,22,6.8338,5.9626,16.9101,0.3926,9.7212,3.0313,7.4968,2.7768,19.3175,7.7367,38.5327,13.4759,2.2265,0.8632,15.0136,5.7932,7.3457,3.6522,92.5032,97.2232,80.6825,92.2633,61.4673,86.5241,97.7735,99.1368,84.9864,94.2068,92.6543,96.3478,21.6346,19.9137,20.7087,5.5752,19.9914,10.9594,6.6913,8.0779,15.904,7.4379,10.4158,10.7945,3.6903,2.3546,4.5859,2.6475,3.1209,2.6621
Chhattisgarh,age_26_29,22,9.6774,8.6351,20.1825,1.2238,13.5823,3.6916,10.258,3.0229,26.7775,10.7795,47.5057,18.2434,2.2385,0.9164,20.7628,7.6003,9.1417,4.5352,89.742,96.9771,73.2225,89.2205,52.4943,81.7566,97.7615,99.0836,79.2372,92.3997,90.8583,95.4648,20.582,18.2076,16.9988,6.8298,17.5374,11.2197,6.6913,8.0779,15.904,7.4379,10.4158,10.7945,3.6903,2.3546,4.5859,2.6475,3.1209,2.6621
Chhattisgarh,age_30_33,22,15.1086,11.3072,23.612,1.1373,16.6729,4.0609,16.0655,4.7327,34.6473,15.8414,56.1938,23.6446,2.4651,0.9398,28.3838,9.122,12.2344,4.8732,83.9345,95.2673,65.3527,84.1586,43.8062,76.3554,97.5349,99.0602,71.6162,90.878,87.7656,95.1268,16.7036,15.5256,12.7649,9.7304,16.0835,14.7208,6.6913,8.0779,15.904,7.4379,10.4158,10.7945,3.6903,2.3546,4.5859,2.6475,3.1209,2.6621
Chhattisgarh,age_34_plus,22,28.3298,15.5268,31.406,14.9814,27.1746,10.3086,47.677,12.1704,54.1374,29.7025,74.6833,36.6427,9.5173,1.3703,48.3643,14.0632,27.3673,10.9174,52.323,87.8296,45.8626,70.2975,25.3167,63.3573,90.4827,98.6297,51.6357,85.9368,72.6327,89.0826,13.7068,14.6461,9.171,16.7132,12.6679,16.0247,6.6913,8.0779,15.904,7.4379,10.4158,10.7945,3.6903,2.3546,4.5859,2.6475,3.1209,2.6621
Madhya Pradesh,age_below10,23,98.0829,97.385,97.7759,96.2736,96.8177,97.1244,74.2683,73.2603,75.4036,74.706,79.7536,77.5508,69.6182,69.9815,76.9595,75.9069,72.4207,72.4247,25.7317,26.7397,24.5964,25.294,20.2464,22.4492,30.3818,30.0185,23.0405,24.0931,27.5793,27.5753,0.0,0.0,0.0,0.0,0.0,0.0,10.8267,11.9583,32.9574,7.8112,16.5579,12.2495,3.2698,4.9516,10.5471,3.0734,4.4482,4.7059
Madhya Pradesh,age_10_13,23,46.4515,40.3035,55.6412,25.4186,51.1774,38.3747,8.0804,5.3058,13.1521,8.721,22.8193,12.2664,1.3152,0.9285,16.452,12.0288,9.6627,5.2646,91.9196,94.6942,86.8479,91.279,77.1807,87.7336,98.6848,99.0715,83.548,87.9712,90.3373,94.7354,3.9558,6.3259,3.3515,13.1364,4.8014,8.3174,10.8267,11.9583,32.9574,7.8112,16.5579,12.2495,3.2698,4.9516,10.5471,3.0734,4.4482,4.7059
Madhya Pradesh,age_14_17,23,8.5467,5.9154,17.022,1.18,14.895,7.8175,9.0616,5.7553,10.8869,7.3244,27.6703,13.2256,0.9567,0.7224,19.4525,13.9276,11.3456,6.0116,90.9384,94.2447,89.1131,92.6756,72.3297,86.7744,99.0433,99.2776,80.5475,86.0724,88.6544,93.9884,37.0487,40.0562,29.8523,40.5925,30.6801,35.8532,10.8267,11.9583,32.9574,7.8112,16.5579,12.2495,3.2698,4.9516,10.5471,3.0734,4.4482,4.7059
Madhya Pradesh,age_18_21,23,6.9644,3.7926,14.4373,0.8532,11.7516,6.6331,12.4968,6.6312,12.9091,7.2111,37.638,14.5376,0.9051,0.6713,24.626,15.5512,14.0383,7.2533,87.5032,93.3688,87.0909,92.7889,62.362,85.4624,99.0949,99.3287,75.374,84.4488,85.9617,92.7467,27.2113,15.4141,22.2033,10.1777,24.1847,13.0563,10.8267,11.9583,32.9574,7.8112,16.5579,12.2495,3.2698,4.9516,10.5471,3.0734,4.4482,4.7059
Madhya Pradesh,age_22_25,23,9.3528,3.1426,15.8975,0.707,13.5608,5.2883,19.9096,7.2033,13.0995,6.6925,45.4248,16.5049,1.7489,0.8326,32.2985,15.9589,17.7966,8.1865,80.0904,92.7967,86.9005,93.3075,54.5752,83.4951,98.2511,99.1674,67.7015,84.0411,82.2034,91.8135,23.7295,9.351,19.4687,8.8459,20.9041,10.0993,10.8267,11.9583,32.9574,7.8112,16.5579,12.2495,3.2698,4.9516,10.5471,3.0734,4.4482,4.7059
Madhya Pradesh,age_26_29,23,13.8155,3.5833,18.3963,1.1492,17.0361,5.4715,27.0467,9.1387,16.5683,6.7393,52.0474,20.7407,2.2424,0.942,40.097,18.6648,20.0762,9.5521,72.9533,90.8613,83.4317,93.2607,47.9526,79.2593,97.7576,99.058,59.903,81.3352,79.9238,90.4479,21.5129,9.4851,17.011,12.3524,18.1499,10.487,10.8267,11.9583,32.9574,7.8112,16.5579,12.2495,3.2698,4.9516,10.5471,3.0734,4.4482,4.7059
Madhya Pradesh,age_30_33,23,20.7299,4.3807,21.2354,1.6276,20.2286,5.6277,36.5908,12.4424,18.8598,8.0568,58.0903,25.1774,2.7364,0.9956,47.5359,22.0303,23.8153,10.5675,63.4092,87.5576,81.1402,91.9432,41.9097,74.8226,97.2636,99.0044,52.4641,77.9697,76.1847,89.4325,17.5182,8.1258,13.819,13.4355,15.5601,11.6883,10.8267,11.9583,32.9574,7.8112,16.5579,12.2495,3.2698,4.9516,10.5471,3.0734,4.4482,4.7059
Madhya Pradesh,age_34_plus,23,34.796,6.3626,25.9092,13.1213,26.3597,9.3484,67.0239,24.668,24.2093,11.5909,73.1367,36.6208,11.9658,1.4915,64.4236,27.5121,33.83,16.0132,32.9761,75.332,75.7907,88.4091,26.8633,63.3792,88.0342,98.5085,35.5764,72.4879,66.17,83.9868,12.4865,10.3112,11.9214,17.4744,13.6397,14.1929,10.8267,11.9583,32.9574,7.8112,16.5579,12.2495,3.2698,4.9516,10.5471,3.0734,4.4482,4.7059
Gujarat,age_below10,24,97.5728,98.0406,98.1013,97.693,97.7452,97.8175,79.7144,78.3652,73.4284,72.4241,76.4715,74.5612,68.5586,69.7073,75.6796,74.6471,73.3615,74.2754,20.2856,21.6348,26.5716,27.5759,23.5285,25.4388,31.4414,30.2927,24.3204,25.3529,26.6385,25.7246,0.0,0.0,0.0,0.0,0.0,0.0,12.3095,10.6774,17.8994,11.4515,10.5665,12.7683,2.6497,2.5722,6.2397,3.7165,2.6902,4.0769
Gujarat,age_10_13,24,41.7549,31.5153,38.9011,23.0669,40.1066,36.606,17.4782,11.5906,10.4675,6.4745,18.5688,9.602,1.2411,0.8994,14.9353,9.8194,12.4644,8.7864,82.5218,88.4094,89.5325,93.5255,81.4312,90.398,98.7589,99.1006,85.0647,90.1806,87.5356,91.2136,6.354,9.1577,6.8337,13.7383,5.604,8.8427,12.3095,10.6774,17.8994,11.4515,10.5665,12.7683,2.6497,2.5722,6.2397,3.7165,2.6902,4.0769
Gujarat,age_14_17,24,13.4228,6.7205,12.2304,1.4074,13.7836,7.1529,22.931,15.8708,10.575,7.0491,21.1035,10.7354,1.0137,0.6647,17.6322,11.0525,10.0883,8.4015,77.069,84.1292,89.425,92.9509,78.8965,89.2646,98.9863,99.3353,82.3678,88.9475,89.9117,91.5985,29.5302,39.2892,34.0015,39.1928,27.5703,36.0449,12.3095,10.6774,17.8994,11.4515,10.5665,12.7683,2.6497,2.5722,6.2397,3.7165,2.6902,4.0769
Gujarat,age_18_21,24,15.7447,6.9834,11.6578,1.3721,13.7136,6.6971,22.6974,14.3805,14.7428,6.8457,26.0998,11.9086,1.3535,0.8332,21.787,12.2094,14.5644,8.0594,77.3026,85.6195,85.2572,93.1543,73.9002,88.0914,98.6465,99.1668,78.213,87.7906,85.4356,91.9406,23.8298,15.4632,17.8073,6.5423,18.4232,10.1979,12.3095,10.6774,17.8994,11.4515,10.5665,12.7683,2.6497,2.5722,6.2397,3.7165,2.6902,4.0769
Gujarat,age_22_25,24,11.3718,7.0126,11.9865,1.0573,15.9121,6.2793,37.7528,15.0685,18.9466,8.7849,33.7386,13.5486,2.0498,0.7785,28.1441,13.2462,14.9276,8.2904,62.2472,84.9315,81.0534,91.2151,66.2614,86.4514,97.9502,99.2215,71.8559,86.7538,85.0724,91.7096,22.7437,12.7536,15.1923,5.3347,15.367,9.507,12.3095,10.6774,17.8994,11.4515,10.5665,12.7683,2.6497,2.5722,6.2397,3.7165,2.6902,4.0769
Gujarat,age_26_29,24,15.6177,7.8148,14.4166,1.5247,19.8084,4.4367,49.5294,18.6517,27.3246,14.3018,42.2596,18.0123,2.5909,1.0353,35.0713,16.1688,15.7403,8.4211,50.4706,81.3483,72.6754,85.6982,57.7404,81.9877,97.4091,98.9647,64.9287,83.8312,84.2597,91.5789,16.317,10.8622,13.7879,6.5894,12.9604,8.1728,12.3095,10.6774,17.8994,11.4515,10.5665,12.7683,2.6497,2.5722,6.2397,3.7165,2.6902,4.0769
Gujarat,age_30_33,24,16.8116,8.2707,17.3827,2.0439,23.6111,5.9219,51.8156,24.5098,33.0751,17.3612,48.9953,21.9984,3.2025,1.0269,40.5439,18.4376,18.3965,9.0014,48.1844,75.4902,66.9249,82.6388,51.0047,78.0016,96.7975,98.9731,59.4561,81.5624,81.6035,90.9986,17.6812,11.2424,13.7129,8.6266,11.7464,11.5747,12.3095,10.6774,17.8994,11.4515,10.5665,12.7683,2.6497,2.5722,6.2397,3.7165,2.6902,4.0769
Gujarat,age_34_plus,24,24.3711,12.6815,27.2955,13.1898,34.9553,9.2577,71.2737,29.8345,42.1793,22.6732,63.3561,31.6761,10.8581,1.8791,57.315,23.6995,28.9481,11.8159,28.7263,70.1655,57.8207,77.3268,36.6439,68.3239,89.1419,98.1209,42.685,76.3005,71.0519,88.1841,12.4214,9.492,9.9917,8.2979,8.0481,11.9175,12.3095,10.6774,17.8994,11.4515,10.5665,12.7683,2.6497,2.5722,6.2397,3.7165,2.6902,4.0769
Daman & Diu,age_below10,25,,100.0,98.4503,100.0,98.2079,100.0,100.0,91.6667,76.7442,72.2892,74.1822,73.8884,69.5652,78.9474,73.6295,74.4374,66.6667,71.4286,0.0,8.3333,23.2558,27.7108,25.8178,26.1116,30.4348,21.0526,26.3705,25.5626,33.3333,28.5714,,0.0,0.0,0.0,0.0,0.0,0.0,7.2289,7.8055,0.0,8.938,0.0,0.0,2.2173,3.9836,0.0,1.4178,45.4545
Daman & Diu,age_10_13,25,0.0,23.8532,28.5842,28.5714,41.1483,33.3333,33.3333,0.0,3.5398,3.8835,6.9603,4.5582,0.0,0.0,6.4877,3.9623,0.0,0.0,66.6667,100.0,96.4602,96.1165,93.0397,95.4418,100.0,100.0,93.5123,96.0377,100.0,100.0,0.0,16.5138,8.5753,0.0,8.3732,33.3333,0.0,7.2289,7.8055,0.0,8.938,0.0,0.0,2.2173,3.9836,0.0,1.4178,45.4545
Daman & Diu,age_14_17,25,0.0,1.2346,5.8252,0.0,6.0,0.0,0.0,0.0,6.8966,3.0303,12.7498,8.462,0.0,0.0,11.8388,9.2632,0.0,0.0,100.0,100.0,93.1034,96.9697,87.2502,91.538,100.0,100.0,88.1612,90.7368,100.0,100.0,0.0,48.1481,42.9674,50.0,43.7143,75.0,0.0,7.2289,7.8055,0.0,8.938,0.0,0.0,2.2173,3.9836,0.0,1.4178,45.4545
Daman & Diu,age_18_21,25,0.0,4.2553,6.817,0.0,6.0109,,0.0,11.1111,7.8431,10.1449,19.778,12.0014,0.0,0.0,16.055,17.8899,,0.0,100.0,88.8889,92.1569,89.8551,80.222,87.9986,100.0,100.0,83.945,82.1101,,100.0,0.0,14.8936,25.2178,14.2857,19.1257,,0.0,7.2289,7.8055,0.0,8.938,0.0,0.0,2.2173,3.9836,0.0,1.4178,45.4545
Daman & Diu,age_22_25,25,0.0,0.8403,8.3387,0.0,6.8465,0.0,50.0,3.3333,13.7681,5.4726,27.2516,10.2456,0.0,7.6923,19.263,15.4316,0.0,0.0,50.0,96.6667,86.2319,94.5274,72.7484,89.7544,100.0,92.3077,80.737,84.5684,100.0,100.0,0.0,10.084,23.1653,8.3333,17.0124,0.0,0.0,7.2289,7.8055,0.0,8.938,0.0,0.0,2.2173,3.9836,0.0,1.4178,45.4545
Daman & Diu,age_26_29,25,33.3333,5.0725,9.2545,7.6923,13.948,0.0,33.3333,8.6957,12.6582,5.7292,31.7326,10.7254,13.3333,0.0,21.9557,13.4434,12.5,11.1111,66.6667,91.3043,87.3418,94.2708,68.2674,89.2746,86.6667,100.0,78.0443,86.5566,87.5,88.8889,0.0,13.0435,21.9444,7.6923,13.4752,0.0,0.0,7.2289,7.8055,0.0,8.938,0.0,0.0,2.2173,3.9836,0.0,1.4178,45.4545
Daman & Diu,age_30_33,25,50.0,5.6962,14.0421,0.0,14.5833,14.2857,33.3333,0.0,16.8421,8.2418,39.255,13.9665,18.1818,7.6923,27.4559,11.8492,0.0,0.0,66.6667,100.0,83.1579,91.7582,60.745,86.0335,81.8182,92.3077,72.5441,88.1508,100.0,100.0,0.0,14.557,19.1219,11.1111,14.2361,14.2857,0.0,7.2289,7.8055,0.0,8.938,0.0,0.0,2.2173,3.9836,0.0,1.4178,45.4545
Daman & Diu,age_34_plus,25,33.3333,30.695,29.7151,6.25,34.6386,0.0,50.0,25.0,23.9354,6.4669,61.7892,23.1024,9.434,0.0,44.6051,15.398,28.5714,7.5,50.0,75.0,76.0646,93.5331,38.2108,76.8976,90.566,100.0,55.3949,84.602,71.4286,92.5,0.0,11.39,11.9688,12.5,10.1406,0.0,0.0,7.2289,7.8055,0.0,8.938,0.0,0.0,2.2173,3.9836,0.0,1.4178,45.4545
Dadra & Nagar Haveli,age_below10,26,100.0,97.973,97.7562,100.0,96.6102,100.0,90.3846,83.3333,81.5461,76.1733,83.0816,79.9623,77.1429,70.5263,75.4508,76.8,66.6667,66.6667,9.6154,16.6667,18.4539,23.8267,16.9184,20.0377,22.8571,29.4737,24.5492,23.2,33.3333,33.3333,0.0,0.0,0.0,0.0,0.0,0.0,0.0,9.245,13.912,8.2645,15.2413,0.0,11.4943,0.0,3.6466,0.0,3.1422,0.0
Dadra & Nagar Haveli,age_10_13,26,50.0,36.7816,39.6731,11.5385,30.916,,57.1429,23.0769,29.8387,11.7216,35.5364,15.2327,3.7037,2.8571,6.4286,6.1151,,0.0,42.8571,76.9231,70.1613,88.2784,64.4636,84.7673,96.2963,97.1429,93.5714,93.8849,,100.0,0.0,5.1724,6.5379,19.2308,6.4885,,0.0,9.245,13.912,8.2645,15.2413,0.0,11.4943,0.0,3.6466,0.0,3.1422,0.0
Dadra & Nagar Haveli,age_14_17,26,0.0,13.7931,14.4641,0.0,10.0629,,33.3333,28.5714,29.8387,9.1873,48.8553,20.6647,0.0,0.0,11.6667,13.0612,,0.0,66.6667,71.4286,70.1613,90.8127,51.1447,79.3353,100.0,100.0,88.3333,86.9388,,100.0,50.0,33.908,34.3179,41.6667,36.478,,0.0,9.245,13.912,8.2645,15.2413,0.0,11.4943,0.0,3.6466,0.0,3.1422,0.0
Dadra & Nagar Haveli,age_18_21,26,0.0,10.3448,13.723,0.0,7.4627,,36.3636,14.2857,38.9474,12.3894,54.5481,19.5409,0.0,0.0,11.8421,24.5614,,0.0,63.6364,85.7143,61.0526,87.6106,45.4519,80.4591,100.0,100.0,88.1579,75.4386,,100.0,14.2857,44.8276,22.1728,16.6667,20.8955,,0.0,9.245,13.912,8.2645,15.2413,0.0,11.4943,0.0,3.6466,0.0,3.1422,0.0
Dadra & Nagar Haveli,age_22_25,26,23.8095,5.9829,10.6794,0.0,11.2069,0.0,38.2353,10.5263,53.3865,12.9568,55.4565,19.7193,10.5263,2.5641,19.4444,15.7815,0.0,9.0909,61.7647,89.4737,46.6135,87.0432,44.5435,80.2807,89.4737,97.4359,80.5556,84.2185,100.0,90.9091,23.8095,18.8034,18.3574,2.9412,13.7931,0.0,0.0,9.245,13.912,8.2645,15.2413,0.0,11.4943,0.0,3.6466,0.0,3.1422,0.0
Dadra & Nagar Haveli,age_26_29,26,9.0909,5.1852,10.5857,0.0,14.4928,0.0,42.1053,20.0,49.8141,22.3164,58.2922,22.2672,4.6154,1.7241,28.6207,15.0905,12.5,16.6667,57.8947,80.0,50.1859,77.6836,41.7078,77.7328,95.3846,98.2759,71.3793,84.9095,87.5,83.3333,9.0909,14.0741,14.9651,4.8387,8.2126,28.5714,0.0,9.245,13.912,8.2645,15.2413,0.0,11.4943,0.0,3.6466,0.0,3.1422,0.0
Dadra & Nagar Haveli,age_30_33,26,0.0,4.386,14.1275,0.0,16.8831,0.0,80.0,4.7619,52.1008,23.1373,68.0079,29.5959,9.375,0.0,29.0323,13.1661,0.0,6.25,20.0,95.2381,47.8992,76.8627,31.9921,70.4041,90.625,100.0,70.9677,86.8339,100.0,93.75,0.0,11.4035,13.6404,10.3448,16.8831,33.3333,0.0,9.245,13.912,8.2645,15.2413,0.0,11.4943,0.0,3.6466,0.0,3.1422,0.0
Dadra & Nagar Haveli,age_34_plus,26,20.0,15.7025,20.2371,12.7119,29.7806,0.0,85.7143,52.0,66.482,39.9225,83.9239,50.4737,15.7143,2.649,48.2143,14.1291,0.0,11.4286,14.2857,48.0,33.518,60.0775,16.0761,49.5263,84.2857,97.351,51.7857,85.8709,100.0,88.5714,0.0,13.6364,9.9165,12.7119,9.7179,0.0,0.0,9.245,13.912,8.2645,15.2413,0.0,11.4943,0.0,3.6466,0.0,3.1422,0.0
Maharashtra,age_below10,27,97.4943,96.9991,97.5395,97.0898,96.3607,96.4441,72.9893,72.9583,71.0763,70.976,73.457,73.3444,69.877,70.2788,73.1559,73.1657,71.426,72.3,27.0107,27.0417,28.9237,29.024,26.543,26.6556,30.123,29.7212,26.8441,26.8343,28.574,27.7,0.0,0.0,0.0,0.0,0.0,0.0,10.3464,9.8853,11.9548,9.1692,11.0521,12.7838,2.161,2.4503,2.8588,2.8395,2.5461,3.2798
Maharashtra,age_10_13,27,34.1689,25.8629,33.6013,22.5872,34.9383,29.1667,4.4887,2.7496,3.2013,2.4924,6.5098,4.0346,1.0651,0.8656,7.087,6.2202,4.8327,4.1157,95.5113,97.2504,96.7987,97.5076,93.4902,95.9654,98.9349,99.1344,92.913,93.7798,95.1673,95.8843,6.0467,10.0495,6.4575,11.8996,7.1928,9.4401,10.3464,9.8853,11.9548,9.1692,11.0521,12.7838,2.161,2.4503,2.8588,2.8395,2.5461,3.2798
Maharashtra,age_14_17,27,6.5611,3.6921,7.4939,1.3084,9.376,3.9412,5.5174,3.1586,4.0385,2.8073,8.5974,4.9479,0.9505,0.7457,9.6541,8.6832,4.9217,3.9466,94.4826,96.8414,95.9615,97.1927,91.4026,95.0521,99.0495,99.2543,90.3459,91.3168,95.0783,96.0534,43.983,40.7817,40.7075,41.308,35.2471,40.7941,10.3464,9.8853,11.9548,9.1692,11.0521,12.7838,2.161,2.4503,2.8588,2.8395,2.5461,3.2798
Maharashtra,age_18_21,27,7.9633,3.854,8.649,1.5495,10.2407,4.2992,9.8764,3.8323,5.9525,3.2134,14.3479,5.9767,1.1755,0.8201,14.6954,11.073,7.6923,4.7593,90.1236,96.1677,94.0475,96.7866,85.6521,94.0233,98.8245,99.1799,85.3046,88.927,92.3077,95.2407,25.6233,12.6364,19.8106,6.5263,19.0486,10.5418,10.3464,9.8853,11.9548,9.1692,11.0521,12.7838,2.161,2.4503,2.8588,2.8395,2.5461,3.2798
Maharashtra,age_22_25,27,10.1918,3.6114,10.6389,1.5959,11.8365,4.2956,15.8184,4.3878,6.9931,3.4093,20.3415,7.0618,1.7777,0.7554,19.8976,11.8236,9.0718,4.4212,84.1816,95.6122,93.0069,96.5907,79.6585,92.9382,98.2223,99.2446,80.1024,88.1764,90.9282,95.5788,22.7013,9.2392,17.2466,6.2417,15.9233,8.4988,10.3464,9.8853,11.9548,9.1692,11.0521,12.7838,2.161,2.4503,2.8588,2.8395,2.5461,3.2798
Maharashtra,age_26_29,27,15.5176,4.6763,14.5585,2.1102,16.6213,4.9724,24.9252,6.5387,8.7425,4.0601,27.5327,9.9836,2.4812,0.8882,27.6533,14.1469,10.7131,5.7687,75.0748,93.4613,91.2575,95.9399,72.4673,90.0164,97.5188,99.1118,72.3467,85.8531,89.2869,94.2313,20.2067,8.9748,15.4393,8.2797,13.876,9.4403,10.3464,9.8853,11.9548,9.1692,11.0521,12.7838,2.161,2.4503,2.8588,2.8395,2.5461,3.2798
Maharashtra,age_30_33,27,25.1839,5.5585,20.1538,3.0758,21.2287,5.2565,36.8625,11.1503,10.3529,4.9094,36.0177,13.6286,3.1164,0.9487,34.6044,17.1379,13.4118,6.7954,63.1375,88.8497,89.6471,95.0906,63.9823,86.3714,96.8836,99.0513,65.3956,82.8621,86.5882,93.2046,16.2104,8.9994,13.2023,10.2732,12.4132,10.5691,10.3464,9.8853,11.9548,9.1692,11.0521,12.7838,2.161,2.4503,2.8588,2.8395,2.5461,3.2798
Maharashtra,age_34_plus,27,37.818,10.1369,28.8381,15.9585,32.2071,9.5619,65.6193,26.2362,19.3664,7.0969,57.5765,24.1984,14.0458,2.1657,52.7135,23.7773,25.1411,10.3334,34.3807,73.7638,80.6336,92.9031,42.4235,75.8016,85.9542,97.8343,47.2865,76.2227,74.8589,89.6666,11.2665,9.4691,9.1598,8.8983,8.6577,11.3251,10.3464,9.8853,11.9548,9.1692,11.0521,12.7838,2.161,2.4503,2.8588,2.8395,2.5461,3.2798
Andhra Pradesh,age_below10,28,95.4724,95.3748,95.7314,93.968,93.8707,93.9439,74.3434,73.4745,70.9283,70.4695,72.2477,70.8189,68.9494,69.2536,72.3357,72.1061,74.4913,75.2798,25.6566,26.5255,29.0717,29.5305,27.7523,29.1811,31.0506,30.7464,27.6643,27.8939,25.5087,24.7202,0.0,0.0,0.0,0.0,0.0,0.0,21.3155,24.4178,28.2436,20.3023,22.3121,30.5344,3.3961,3.9541,3.5976,5.5851,4.138,7.5624
Andhra Pradesh,age_10_13,28,41.4696,25.4584,29.5375,18.985,29.6026,27.5754,24.2482,13.5851,11.3847,7.6146,19.2499,10.5463,4.0865,2.7057,15.9502,12.771,16.6522,15.2457,75.7518,86.4149,88.6153,92.3854,80.7501,89.4537,95.9135,97.2943,84.0498,87.229,83.3478,84.7543,6.5878,12.6479,10.0836,16.9799,10.7891,13.3195,21.3155,24.4178,28.2436,20.3023,22.3121,30.5344,3.3961,3.9541,3.5976,5.5851,4.138,7.5624
Andhra Pradesh,age_14_17,28,15.5433,6.6594,9.9692,1.4815,7.9206,3.5032,30.4306,17.2144,14.0244,10.3219,25.7551,14.7507,2.8194,1.7042,19.5068,15.0043,19.5559,13.212,69.5694,82.7856,85.9756,89.6781,74.2449,85.2493,97.1806,98.2958,80.4932,84.9957,80.4441,86.788,28.0605,32.0661,29.7196,35.8025,27.6471,36.3057,21.3155,24.4178,28.2436,20.3023,22.3121,30.5344,3.3961,3.9541,3.5976,5.5851,4.138,7.5624
Andhra Pradesh,age_18_21,28,9.6953,7.3088,10.5632,0.8037,7.4217,3.3175,41.868,17.9331,19.1443,11.8118,35.5724,17.584,3.4368,2.7322,25.0963,16.0264,24.1007,12.5967,58.132,82.0669,80.8557,88.1882,64.4276,82.416,96.5632,97.2678,74.9037,83.9736,75.8993,87.4033,12.4654,8.5618,9.9497,3.2147,9.1752,8.0569,21.3155,24.4178,28.2436,20.3023,22.3121,30.5344,3.3961,3.9541,3.5976,5.5851,4.138,7.5624
Andhra Pradesh,age_22_25,28,15.6805,7.0453,11.5751,1.5252,8.3451,2.3127,50.6929,20.0755,22.3788,12.9,42.5904,19.9219,5.8852,2.7027,32.301,16.99,21.7234,11.129,49.3071,79.9245,77.6212,87.1,57.4096,80.0781,94.1148,97.2973,67.699,83.01,78.2766,88.871,8.8757,7.087,8.9787,5.2364,7.313,7.0305,21.3155,24.4178,28.2436,20.3023,22.3121,30.5344,3.3961,3.9541,3.5976,5.5851,4.138,7.5624
Andhra Pradesh,age_26_29,28,15.8513,8.515,14.6549,2.193,11.1825,4.559,64.09,24.6066,28.1477,16.3626,51.5188,27.7906,8.0182,2.9141,42.6783,21.5584,24.7576,15.9309,35.91,75.3934,71.8523,83.6374,48.4812,72.2094,91.9818,97.0859,57.3217,78.4416,75.2424,84.0691,8.8063,6.674,8.3397,9.5395,6.9136,8.5233,21.3155,24.4178,28.2436,20.3023,22.3121,30.5344,3.3961,3.9541,3.5976,5.5851,4.138,7.5624
Andhra Pradesh,age_30_33,28,18.1818,10.2367,17.2077,1.7647,13.1105,3.5539,74.6229,37.1009,32.6744,20.6132,58.7962,35.1249,6.8493,2.8013,50.2533,27.278,24.7232,13.9406,25.3771,62.8991,67.3256,79.3868,41.2038,64.8751,93.1507,97.1987,49.7467,72.722,75.2768,86.0594,7.6923,6.1041,7.5138,11.8235,6.3704,7.4755,21.3155,24.4178,28.2436,20.3023,22.3121,30.5344,3.3961,3.9541,3.5976,5.5851,4.138,7.5624
Andhra Pradesh,age_34_plus,28,23.8636,12.7548,21.3761,9.6632,16.7437,5.981,86.4705,51.9846,45.3922,27.8311,73.3401,47.3026,18.2516,3.9689,66.569,34.7631,36.6451,19.4571,13.5295,48.0154,54.6078,72.1689,26.6599,52.6974,81.7484,96.0311,33.431,65.2369,63.3549,80.5429,7.6299,9.1156,7.3071,11.0252,6.029,9.6645,21.3155,24.4178,28.2436,20.3023,22.3121,30.5344,3.3961,3.9541,3.5976,5.5851,4.138,7.5624
Karnataka,age_below10,29,97.3559,97.2892,97.699,97.8558,96.8381,97.8102,76.5314,75.0905,72.0019,72.0647,73.9935,73.3655,71.5358,71.5234,73.0898,73.33,77.1094,75.7796,23.4686,24.9095,27.9981,27.9353,26.0065,26.6345,28.4642,28.4766,26.9102,26.67,22.8906,24.2204,0.0,0.0,0.0,0.0,0.0,0.0,19.2899,13.0448,20.1323,19.7162,15.7169,17.0743,4.7905,4.3165,4.375,4.1864,3.452,6.3821
Karnataka,age_10_13,29,38.3396,28.8398,35.9294,32.654,36.9051,33.1224,21.8803,12.9917,5.2869,4.4155,15.6867,9.1852,2.5997,1.6439,13.4934,11.2102,12.5461,10.3161,78.1197,87.0083,94.7131,95.5845,84.3133,90.8148,97.4003,98.3561,86.5066,88.7898,87.4539,89.6839,5.7241,8.7299,6.0902,6.4488,6.4448,9.4937,19.2899,13.0448,20.1323,19.7162,15.7169,17.0743,4.7905,4.3165,4.375,4.1864,3.452,6.3821
Karnataka,age_14_17,29,9.3213,3.2802,8.5764,2.9002,10.7819,6.5963,26.7194,14.5077,5.5644,4.586,19.2502,11.786,3.5847,2.7453,17.5782,14.9117,11.4486,10.2467,73.2806,85.4923,94.4356,95.414,80.7498,88.214,96.4153,97.2547,82.4218,85.0883,88.5514,89.7533,36.8185,41.6592,37.8148,42.0794,30.0381,35.8839,19.2899,13.0448,20.1323,19.7162,15.7169,17.0743,4.7905,4.3165,4.375,4.1864,3.452,6.3821
Karnataka,age_18_21,29,8.227,3.4996,9.0937,3.9144,11.1377,4.5627,37.2695,17.3296,6.6247,5.5145,25.8068,14.7385,5.8501,3.9868,22.1131,17.0247,12.6246,7.6923,62.7305,82.6704,93.3753,94.4855,74.1932,85.2615,94.1499,96.0132,77.8869,82.9753,87.3754,92.3077,18.0036,10.8446,16.1986,10.4336,13.5672,4.5627,19.2899,13.0448,20.1323,19.7162,15.7169,17.0743,4.7905,4.3165,4.375,4.1864,3.452,6.3821
Karnataka,age_22_25,29,7.3989,3.1956,9.6485,4.5015,12.1529,2.7565,47.0757,18.2521,7.928,4.9242,32.5327,15.2521,9.7883,4.4697,28.191,16.9495,15.3048,5.564,52.9243,81.7479,92.072,95.0758,67.4673,84.7479,90.2117,95.5303,71.809,83.0505,84.6952,94.436,15.8023,9.0988,13.4745,9.0153,11.5181,5.2067,19.2899,13.0448,20.1323,19.7162,15.7169,17.0743,4.7905,4.3165,4.375,4.1864,3.452,6.3821
Karnataka,age_26_29,29,9.1939,4.342,13.1662,6.3251,16.1124,4.0564,57.4591,23.2206,11.8663,6.7216,43.3475,21.004,15.8192,6.2326,38.3046,22.0713,21.9008,10.596,42.5409,76.7794,88.1337,93.2784,56.6525,78.996,84.1808,93.7674,61.6954,77.9287,78.0992,89.404,13.6792,10.0359,11.695,10.3416,10.31,7.9365,19.2899,13.0448,20.1323,19.7162,15.7169,17.0743,4.7905,4.3165,4.375,4.1864,3.452,6.3821
Karnataka,age_30_33,29,12.8806,6.1357,16.3676,8.5271,19.4342,5.3435,69.6193,32.9152,13.9249,8.01,51.2798,26.9228,20.7656,8.3383,45.9295,27.352,25.7089,10.3316,30.3807,67.0848,86.0751,91.99,48.7202,73.0772,79.2344,91.6617,54.0705,72.648,74.2911,89.6684,12.7728,10.082,10.2575,11.0093,9.6389,6.6158,19.2899,13.0448,20.1323,19.7162,15.7169,17.0743,4.7905,4.3165,4.375,4.1864,3.452,6.3821
Karnataka,age_34_plus,29,19.9634,12.9616,23.743,18.8938,26.8363,7.8947,88.0678,60.5316,25.7834,13.0771,67.3525,37.3562,39.5183,14.7248,62.0278,35.0235,31.9064,15.3873,11.9322,39.4684,74.2166,86.9229,32.6475,62.6438,60.4817,85.2752,37.9722,64.9765,68.0936,84.6127,8.9414,10.3893,8.5073,9.1123,7.5229,9.2105,19.2899,13.0448,20.1323,19.7162,15.7169,17.0743,4.7905,4.3165,4.375,4.1864,3.452,6.3821
Goa,age_below10,30,92.8571,94.6922,96.3685,94.7368,96.6797,96.0,75.4386,72.7273,70.3653,71.0322,72.6347,72.3419,64.8148,79.2208,74.0022,73.5993,66.6667,73.5294,24.5614,27.2727,29.6347,28.9678,27.3653,27.6581,35.1852,20.7792,25.9978,26.4007,33.3333,26.4706,0.0,0.0,0.0,0.0,0.0,0.0,10.2041,10.0105,11.0289,8.8496,13.2731,0.0,0.0,2.8272,2.4371,0.0,2.008,7.4074
Goa,age_10_13,30,20.0,17.5467,27.5453,19.4444,34.2781,25.9259,9.0909,20.8333,2.1081,1.7491,6.0445,3.4786,2.7027,0.0,9.988,8.1377,0.0,2.5641,90.9091,79.1667,97.8919,98.2509,93.9555,96.5214,97.2973,100.0,90.012,91.8623,100.0,97.4359,5.0,16.7198,11.058,25.0,8.8503,14.8148,10.2041,10.0105,11.0289,8.8496,13.2731,0.0,0.0,2.8272,2.4371,0.0,2.008,7.4074
Goa,age_14_17,30,0.0,2.12,5.2611,0.0,9.1329,0.0,0.0,12.5,2.7032,1.2619,6.0223,4.089,4.5455,13.6364,12.7696,12.3933,0.0,3.5714,100.0,87.5,97.2968,98.7381,93.9777,95.911,95.4545,86.3636,87.2304,87.6067,100.0,96.4286,63.1579,42.6398,42.0124,42.8571,35.6413,52.6316,10.2041,10.0105,11.0289,8.8496,13.2731,0.0,0.0,2.8272,2.4371,0.0,2.008,7.4074
Goa,age_18_21,30,0.0,3.1459,6.6129,0.0,10.1887,0.0,7.6923,0.0,3.4922,1.7335,9.1722,6.2528,0.0,0.0,18.8361,16.909,11.7647,6.6667,92.3077,100.0,96.5078,98.2665,90.8278,93.7472,100.0,100.0,81.1639,83.091,88.2353,93.3333,33.3333,14.5069,21.6552,20.0,17.7987,6.6667,10.2041,10.0105,11.0289,8.8496,13.2731,0.0,0.0,2.8272,2.4371,0.0,2.008,7.4074
Goa,age_22_25,30,0.0,2.4975,7.001,0.0,11.169,3.0303,3.8462,4.4444,4.9044,2.6501,11.5163,6.5632,4.7619,3.0303,22.9435,16.6723,2.9412,3.4884,96.1538,95.5556,95.0956,97.3499,88.4837,93.4368,95.2381,96.9697,77.0565,83.3277,97.0588,96.5116,20.0,12.3189,19.1053,7.5,14.2975,3.0303,10.2041,10.0105,11.0289,8.8496,13.2731,0.0,0.0,2.8272,2.4371,0.0,2.008,7.4074
Goa,age_26_29,30,6.0606,2.9144,9.6566,0.0,13.3103,5.2632,19.5122,8.6957,8.5154,4.2977,15.912,7.9061,9.5238,2.1277,31.744,20.0245,2.5641,3.8961,80.4878,91.3043,91.4846,95.7023,84.088,92.0939,90.4762,97.8723,68.256,79.9755,97.4359,96.1039,15.1515,13.487,18.4268,5.2632,14.1284,5.2632,10.2041,10.0105,11.0289,8.8496,13.2731,0.0,0.0,2.8272,2.4371,0.0,2.008,7.4074
Goa,age_30_33,30,8.0,4.1835,14.3233,4.3478,15.7393,2.3256,19.3548,5.0,13.3844,6.9412,20.2756,9.5023,4.1667,5.1282,37.1456,24.9207,2.2727,2.0833,80.6452,95.0,86.6156,93.0588,79.7244,90.4977,95.8333,94.8718,62.8544,75.0793,97.7273,97.9167,0.0,14.7234,16.1023,6.5217,13.8847,2.3256,10.2041,10.0105,11.0289,8.8496,13.2731,0.0,0.0,2.8272,2.4371,0.0,2.008,7.4074
Goa,age_34_plus,30,22.7273,17.6376,30.7018,5.4264,29.8922,0.885,46.988,17.7966,36.35,19.3323,46.3491,17.6947,4.4444,3.4286,49.2583,29.0034,8.871,4.2056,53.012,82.2034,63.65,80.6677,53.6509,82.3053,95.5556,96.5714,50.7417,70.9966,91.129,95.7944,18.1818,13.1038,9.2845,6.2016,11.2553,13.2743,10.2041,10.0105,11.0289,8.8496,13.2731,0.0,0.0,2.8272,2.4371,0.0,2.008,7.4074
Lakshadweep,age_below10,31,,100.0,100.0,,98.4808,,,,80.0,80.0,70.0,66.6667,,,76.0557,75.8111,,,,,20.0,20.0,30.0,33.3333,,,23.9443,24.1889,,,,0.0,0.0,,0.0,,,0.0,19.6078,,7.9535,,,0.0,16.0428,,0.6468,
Lakshadweep,age_10_13,31,,100.0,9.5238,,39.5441,,,,0.0,0.0,2.3256,0.0,,,2.9153,2.0342,,,,,100.0,100.0,97.6744,100.0,,,97.0847,97.9658,,,,0.0,9.5238,,3.4732,,,0.0,19.6078,,7.9535,,,0.0,16.0428,,0.6468,
Lakshadweep,age_14_17,31,,16.6667,0.0,,6.3089,,,,0.0,6.25,2.0,1.3699,,,3.2501,1.8904,,,,,100.0,93.75,98.0,98.6301,,,96.7499,98.1096,,,,50.0,42.8571,,46.9889,,,0.0,19.6078,,7.9535,,,0.0,16.0428,,0.6468,
Lakshadweep,age_18_21,31,,0.0,12.5,,7.9966,,,,0.0,13.3333,0.0,2.7027,,,3.0833,3.0645,,,,,100.0,86.6667,100.0,97.2973,,,96.9167,96.9355,,,,0.0,25.0,,47.0335,,,0.0,19.6078,,7.9535,,,0.0,16.0428,,0.6468,
Lakshadweep,age_22_25,31,,0.0,0.0,,13.7727,,,,0.0,1.4706,0.0,3.4014,,,4.9613,3.5314,,,,,100.0,98.5294,100.0,96.5986,,,95.0387,96.4686,,,,14.2857,6.25,,34.2096,,,0.0,19.6078,,7.9535,,,0.0,16.0428,,0.6468,
Lakshadweep,age_26_29,31,,0.0,3.125,,20.4565,,,,0.0,1.2048,0.0,3.1915,,,7.784,3.4065,,0.0,,,100.0,98.7952,100.0,96.8085,,,92.216,96.5935,,100.0,,15.3846,9.375,,24.4617,,,0.0,19.6078,,7.9535,,,0.0,16.0428,,0.6468,
Lakshadweep,age_30_33,31,,0.0,0.0,,23.6296,,,,12.5,3.6364,2.5,2.9412,,,9.0073,4.0614,,0.0,,,87.5,96.3636,97.5,97.0588,,,90.9927,95.9386,,100.0,,0.0,25.641,,24.4279,,,0.0,19.6078,,7.9535,,,0.0,16.0428,,0.6468,
Lakshadweep,age_34_plus,31,0.0,5.0,2.7322,,35.5846,,0.0,,4.7619,1.8405,6.1538,4.3424,,,43.2952,12.429,,0.0,100.0,,95.2381,98.1595,93.8462,95.6576,,,56.7048,87.571,,100.0,0.0,12.5,25.1366,,10.6305,,,0.0,19.6078,,7.9535,,,0.0,16.0428,,0.6468,
Kerala,age_below10,32,100.0,98.0529,97.7893,100.0,98.0739,94.7368,81.1321,73.743,73.698,73.8274,73.9655,74.1857,70.7904,73.3333,73.913,74.1371,70.0,70.4545,18.8679,26.257,26.302,26.1726,26.0345,25.8143,29.2096,26.6667,26.087,25.8629,30.0,29.5455,0.0,0.0,0.0,0.0,0.0,0.0,21.0526,8.0088,9.1155,8.5034,18.8128,11.0803,9.009,1.8703,1.94,3.3333,1.4288,7.4074
Kerala,age_10_13,32,19.3548,22.1855,21.9789,27.2727,26.2266,25.0,0.0,0.0,0.9695,0.9853,1.4711,1.3563,1.3793,1.4184,1.195,1.1366,1.2987,3.1579,100.0,100.0,99.0305,99.0147,98.5289,98.6437,98.6207,98.5816,98.805,98.8634,98.7013,96.8421,6.4516,9.9547,10.2981,9.0909,8.0581,14.4737,21.0526,8.0088,9.1155,8.5034,18.8128,11.0803,9.009,1.8703,1.94,3.3333,1.4288,7.4074
Kerala,age_14_17,32,1.5625,0.982,1.5077,1.3514,1.2995,3.1915,0.0,1.2821,0.9491,0.9296,1.5014,1.2548,2.6316,0.0,1.0846,0.8731,0.0,2.2222,100.0,98.7179,99.0509,99.0704,98.4986,98.7452,97.3684,100.0,98.9154,99.1269,100.0,97.7778,53.125,47.9,50.8887,51.3514,57.6593,45.7447,21.0526,8.0088,9.1155,8.5034,18.8128,11.0803,9.009,1.8703,1.94,3.3333,1.4288,7.4074
Kerala,age_18_21,32,0.0,1.0377,1.8861,3.75,1.7926,6.25,5.5556,2.7778,1.2075,1.3088,2.1439,1.5439,1.2346,0.0,1.3657,1.037,0.0,1.5873,94.4444,97.2222,98.7925,98.6912,97.8561,98.4561,98.7654,100.0,98.6343,98.963,100.0,98.4127,38.2353,16.6621,26.5526,21.25,43.6257,12.5,21.0526,8.0088,9.1155,8.5034,18.8128,11.0803,9.009,1.8703,1.94,3.3333,1.4288,7.4074
Kerala,age_22_25,32,3.2967,1.1451,2.3705,1.0638,2.9806,4.6296,4.2105,1.5267,1.5613,1.4419,2.8218,1.7927,2.0833,2.6738,1.8879,1.3042,5.2632,2.2727,95.7895,98.4733,98.4387,98.5581,97.1782,98.2073,97.9167,97.3262,98.1121,98.6958,94.7368,97.7273,25.2747,17.2607,26.8457,13.2979,40.8127,22.2222,21.0526,8.0088,9.1155,8.5034,18.8128,11.0803,9.009,1.8703,1.94,3.3333,1.4288,7.4074
Kerala,age_26_29,32,3.4091,1.8827,4.1611,1.0417,7.7464,7.1429,2.2222,2.9703,2.0356,1.798,4.3566,2.6258,3.5176,2.1505,3.3488,1.9514,7.5472,2.0979,97.7778,97.0297,97.9644,98.202,95.6434,97.3742,96.4824,97.8495,96.6512,98.0486,92.4528,97.9021,17.0455,19.2756,26.8278,12.5,34.3379,12.2449,21.0526,8.0088,9.1155,8.5034,18.8128,11.0803,9.009,1.8703,1.94,3.3333,1.4288,7.4074
Kerala,age_30_33,32,8.4211,3.7065,7.38,3.5897,16.9672,6.6667,2.0619,2.1505,2.8174,2.2595,6.0453,3.3618,3.4653,1.0,6.1842,3.1266,0.9434,2.6846,97.9381,97.8495,97.1826,97.7405,93.9547,96.6382,96.5347,99.0,93.8158,96.8734,99.0566,97.3154,20.0,21.7831,28.2289,18.4615,28.0688,16.1905,21.0526,8.0088,9.1155,8.5034,18.8128,11.0803,9.009,1.8703,1.94,3.3333,1.4288,7.4074
Kerala,age_34_plus,32,29.572,22.8563,25.4654,11.811,41.8654,21.25,24.1888,8.7071,10.8543,5.6798,23.859,10.2357,10.5634,3.0244,35.7237,13.9256,21.9512,7.855,75.8112,91.2929,89.1457,94.3202,76.141,89.7643,89.4366,96.9756,64.2763,86.0744,78.0488,92.145,15.9533,17.0693,19.3267,16.0855,12.287,14.6875,21.0526,8.0088,9.1155,8.5034,18.8128,11.0803,9.009,1.8703,1.94,3.3333,1.4288,7.4074
Tamil Nadu,age_below10,33,94.2623,93.65,93.3978,92.4385,92.7655,91.6667,72.949,72.1116,72.5799,72.6589,72.4836,72.3232,72.4839,72.9984,73.1956,73.2999,72.2543,76.1394,27.051,27.8884,27.4201,27.3411,27.5164,27.6768,27.5161,27.0016,26.8044,26.7001,27.7457,23.8606,0.0,0.0,0.0,0.0,0.0,0.0,23.4742,14.6907,18.1373,22.438,19.9133,21.1685,12.4352,4.4314,4.7092,9.1653,4.8617,12.0739
Tamil Nadu,age_10_13,33,17.6471,17.7185,18.8805,16.0547,20.9844,19.0265,5.5556,3.0568,3.2125,2.6294,7.0934,4.5604,3.2056,3.1347,5.9145,4.6143,10.3175,7.3171,94.4444,96.9432,96.7875,97.3706,92.9066,95.4396,96.7944,96.8653,94.0855,95.3857,89.6825,92.6829,14.2157,14.7993,13.183,18.4305,13.2441,15.9292,23.4742,14.6907,18.1373,22.438,19.9133,21.1685,12.4352,4.4314,4.7092,9.1653,4.8617,12.0739
Tamil Nadu,age_14_17,33,1.7647,3.906,5.5766,2.5696,5.2835,4.0909,8.1081,2.9915,3.6538,2.639,10.0355,5.7067,2.5052,2.3755,7.0773,4.8496,7.173,6.5868,91.8919,97.0085,96.3462,97.361,89.9645,94.2933,97.4948,97.6245,92.9227,95.1504,92.827,93.4132,44.7059,38.8874,38.8183,36.1884,37.0235,36.8182,23.4742,14.6907,18.1373,22.438,19.9133,21.1685,12.4352,4.4314,4.7092,9.1653,4.8617,12.0739
Tamil Nadu,age_18_21,33,1.0753,4.3039,5.9305,2.3537,5.6179,2.1898,7.9208,0.0,5.3322,3.4745,15.0269,7.248,2.9373,1.7493,9.5643,5.3235,9.8684,6.4655,92.0792,100.0,94.6678,96.5255,84.9731,92.752,97.0627,98.2507,90.4357,94.6765,90.1316,93.5345,8.6022,17.168,21.4425,7.5319,23.8351,20.438,23.4742,14.6907,18.1373,22.438,19.9133,21.1685,12.4352,4.4314,4.7092,9.1653,4.8617,12.0739
Tamil Nadu,age_22_25,33,3.1008,4.3583,6.4082,1.5485,5.9949,4.9861,8.5106,4.5872,7.5659,4.3037,21.4319,8.8303,4.9011,2.7832,12.5222,5.9734,13.4293,4.8658,91.4894,95.4128,92.4341,95.6963,78.5681,91.1697,95.0989,97.2168,87.4778,94.0266,86.5707,95.1342,14.7287,15.6101,19.2596,6.557,21.7694,10.8033,23.4742,14.6907,18.1373,22.438,19.9133,21.1685,12.4352,4.4314,4.7092,9.1653,4.8617,12.0739
Tamil Nadu,age_26_29,33,2.8436,5.8244,9.1722,2.3033,8.2232,7.4713,14.5749,6.4394,12.3948,6.0806,32.3603,13.5612,5.5026,2.5959,17.4271,7.6806,17.7305,8.0992,85.4251,93.5606,87.6052,93.9194,67.6397,86.4388,94.4974,97.4041,82.5729,92.3194,82.2695,91.9008,12.7962,14.5957,17.1261,10.4555,20.1108,12.6437,23.4742,14.6907,18.1373,22.438,19.9133,21.1685,12.4352,4.4314,4.7092,9.1653,4.8617,12.0739
Tamil Nadu,age_30_33,33,5.4945,7.1044,10.8119,2.8195,9.8145,3.6667,14.554,9.9099,15.7592,8.0095,38.7578,17.3378,7.7988,2.0431,21.2458,9.027,17.8082,9.9609,85.446,90.0901,84.2408,91.9905,61.2422,82.6622,92.2012,97.9569,78.7542,90.973,82.1918,90.0391,19.7802,14.8039,16.4915,15.1394,18.8596,9.6667,23.4742,14.6907,18.1373,22.438,19.9133,21.1685,12.4352,4.4314,4.7092,9.1653,4.8617,12.0739
Tamil Nadu,age_34_plus,33,7.9268,10.3978,13.1984,8.2813,15.049,5.8693,34.5745,12.9274,31.8498,15.6572,60.1658,29.7899,20.0351,4.5742,43.1522,15.1299,35.3152,15.9357,65.4255,87.0726,68.1502,84.3428,39.8342,70.2101,79.9649,95.4258,56.8478,84.8701,64.6848,84.0643,17.6829,15.4545,16.1491,16.7824,15.108,13.6213,23.4742,14.6907,18.1373,22.438,19.9133,21.1685,12.4352,4.4314,4.7092,9.1653,4.8617,12.0739
State - PONDICHERRY  34,age_below10,34,100.0,96.5178,96.9146,100.0,96.1969,,40.0,80.0,74.708,74.9215,74.9513,74.4359,67.6471,73.3333,75.2811,75.2882,100.0,80.0,60.0,20.0,25.292,25.0785,25.0487,25.5641,32.3529,26.6667,24.7189,24.7118,0.0,20.0,0.0,0.0,0.0,0.0,0.0,,0.0,8.7209,8.7991,0.0,8.4835,0.0,0.0,2.9998,2.0361,0.0,1.8589,0.0
State - PONDICHERRY  34,age_10_13,34,50.0,23.1209,22.258,27.5862,24.5832,0.0,0.0,,2.9342,2.5735,3.7631,3.2733,0.0,2.9412,4.2179,3.271,25.0,0.0,100.0,,97.0658,97.4265,96.2369,96.7267,100.0,97.0588,95.7821,96.729,75.0,100.0,0.0,9.518,9.4325,6.8966,9.5767,0.0,0.0,8.7209,8.7991,0.0,8.4835,0.0,0.0,2.9998,2.0361,0.0,1.8589,0.0
State - PONDICHERRY  34,age_14_17,34,0.0,2.7157,2.8177,0.0,2.8147,0.0,0.0,0.0,2.7573,1.8586,4.2208,3.0157,0.0,0.0,2.5152,1.9067,0.0,0.0,100.0,100.0,97.2427,98.1414,95.7792,96.9843,100.0,100.0,97.4848,98.0933,100.0,100.0,66.6667,45.4473,45.5881,28.5714,44.3706,50.0,0.0,8.7209,8.7991,0.0,8.4835,0.0,0.0,2.9998,2.0361,0.0,1.8589,0.0
State - PONDICHERRY  34,age_18_21,34,0.0,3.0199,3.1308,0.0,3.9099,,0.0,0.0,4.459,2.4096,7.6328,3.7313,0.0,0.0,4.6144,2.7778,,0.0,100.0,100.0,95.541,97.5904,92.3672,96.2687,100.0,100.0,95.3856,97.2222,,100.0,0.0,21.3452,25.3965,11.7647,27.3028,,0.0,8.7209,8.7991,0.0,8.4835,0.0,0.0,2.9998,2.0361,0.0,1.8589,0.0
State - PONDICHERRY  34,age_22_25,34,0.0,3.2844,3.9297,0.0,3.7935,0.0,0.0,0.0,6.833,3.4235,11.5723,4.9264,2.0,0.0,5.772,3.124,25.0,0.0,100.0,100.0,93.167,96.5765,88.4277,95.0736,98.0,100.0,94.228,96.876,75.0,100.0,20.0,19.1964,21.1364,6.1224,27.8296,33.3333,0.0,8.7209,8.7991,0.0,8.4835,0.0,0.0,2.9998,2.0361,0.0,1.8589,0.0
State - PONDICHERRY  34,age_26_29,34,0.0,5.0212,6.3391,0.0,6.9256,20.0,0.0,0.0,11.3584,4.2732,20.2764,7.7954,1.7544,0.0,9.2451,4.0705,0.0,0.0,100.0,100.0,88.6416,95.7268,79.7236,92.2046,98.2456,100.0,90.7549,95.9295,100.0,100.0,0.0,17.998,20.4688,5.3571,28.2155,20.0,0.0,8.7209,8.7991,0.0,8.4835,0.0,0.0,2.9998,2.0361,0.0,1.8589,0.0
State - PONDICHERRY  34,age_30_33,34,0.0,5.8261,8.007,0.0,9.0951,0.0,0.0,0.0,16.7648,6.7265,26.0953,10.4048,3.0303,2.2222,11.4321,5.6965,33.3333,0.0,100.0,100.0,83.2352,93.2735,73.9047,89.5952,96.9697,97.7778,88.5679,94.3035,66.6667,100.0,0.0,18.3937,20.6813,12.5,25.6316,50.0,0.0,8.7209,8.7991,0.0,8.4835,0.0,0.0,2.9998,2.0361,0.0,1.8589,0.0
State - PONDICHERRY  34,age_34_plus,34,0.0,7.5132,12.3672,5.036,21.3909,0.0,16.6667,6.6667,27.8579,11.5733,48.9848,19.8922,13.6646,1.2195,34.2165,8.3498,23.0769,4.7619,83.3333,93.3333,72.1421,88.4267,51.0152,80.1078,86.3354,98.7805,65.7835,91.6502,76.9231,95.2381,30.0,20.5415,21.0592,19.4245,16.0054,30.0,0.0,8.7209,8.7991,0.0,8.4835,0.0,0.0,2.9998,2.0361,0.0,1.8589,0.0
Andaman & Nicobar Islands,age_below10,35,100.0,96.6452,97.7328,100.0,96.9739,100.0,75.0,82.3529,77.4085,76.0665,72.5042,72.7413,50.0,66.6667,70.1437,70.3106,70.3704,71.5232,25.0,17.6471,22.5915,23.9335,27.4958,27.2587,50.0,33.3333,29.8563,29.6894,29.6296,28.4768,0.0,0.0,0.0,0.0,0.0,0.0,0.0,6.6587,9.8662,0.0,8.7027,8.1967,25.641,1.7809,3.3788,0.0,2.4029,6.8493
Andaman & Nicobar Islands,age_10_13,35,27.2727,39.2585,40.3737,0.0,30.7377,30.0,0.0,0.0,8.8413,7.7738,6.0036,4.0807,0.0,0.0,2.0867,2.617,3.8462,0.0,100.0,100.0,91.1587,92.2262,93.9964,95.9193,100.0,100.0,97.9133,97.383,96.1538,100.0,9.0909,5.859,5.9809,100.0,8.8525,6.0,0.0,6.6587,9.8662,0.0,8.7027,8.1967,25.641,1.7809,3.3788,0.0,2.4029,6.8493
Andaman & Nicobar Islands,age_14_17,35,0.0,6.8484,6.5986,0.0,2.3274,0.0,0.0,20.0,5.7349,4.9014,5.5237,3.2276,0.0,,1.1111,3.2695,0.0,0.0,100.0,80.0,94.2651,95.0986,94.4763,96.7724,100.0,,98.8889,96.7305,100.0,100.0,0.0,43.7168,42.801,50.0,50.1605,47.3684,0.0,6.6587,9.8662,0.0,8.7027,8.1967,25.641,1.7809,3.3788,0.0,2.4029,6.8493
Andaman & Nicobar Islands,age_18_21,35,20.0,5.3045,6.6986,,1.7036,0.0,16.6667,11.1111,9.2692,6.6841,8.2602,5.2864,,,2.9752,4.439,0.0,0.0,83.3333,88.8889,90.7308,93.3159,91.7398,94.7136,,,97.0248,95.561,100.0,100.0,0.0,40.6025,35.1892,,33.0494,37.5,0.0,6.6587,9.8662,0.0,8.7027,8.1967,25.641,1.7809,3.3788,0.0,2.4029,6.8493
Andaman & Nicobar Islands,age_22_25,35,11.1111,5.6947,7.7465,,3.4346,2.9851,10.0,1.6129,9.9114,6.3813,11.8438,6.5448,,0.0,4.5999,7.0402,2.8986,1.3699,90.0,98.3871,90.0886,93.6187,88.1562,93.4552,,100.0,95.4001,92.9598,97.1014,98.6301,22.2222,36.136,28.6136,,30.317,29.8507,0.0,6.6587,9.8662,0.0,8.7027,8.1967,25.641,1.7809,3.3788,0.0,2.4029,6.8493
Andaman & Nicobar Islands,age_26_29,35,0.0,6.6313,10.8989,0.0,4.1812,3.75,11.7647,6.7797,16.2687,8.2173,17.7541,9.2363,0.0,0.0,5.218,5.7377,5.8824,3.6145,88.2353,93.2203,83.7313,91.7827,82.2459,90.7637,100.0,100.0,94.782,94.2623,94.1176,96.3855,20.0,31.0013,22.1798,33.3333,22.8571,15.0,0.0,6.6587,9.8662,0.0,8.7027,8.1967,25.641,1.7809,3.3788,0.0,2.4029,6.8493
Andaman & Nicobar Islands,age_30_33,35,50.0,10.3517,14.055,,7.0686,0.0,0.0,5.2632,26.5284,13.3741,26.7046,11.3991,,0.0,9.1596,6.3301,8.3333,0.0,100.0,94.7368,73.4716,86.6259,73.2954,88.6009,,100.0,90.8404,93.6699,91.6667,100.0,25.0,22.9817,18.3879,,22.7651,10.9091,0.0,6.6587,9.8662,0.0,8.7027,8.1967,25.641,1.7809,3.3788,0.0,2.4029,6.8493
Andaman & Nicobar Islands,age_34_plus,35,18.5185,18.6345,23.6472,0.0,21.0081,12.6984,30.7692,5.8824,54.6609,31.4496,49.6079,22.2425,0.0,0.0,31.061,11.5555,17.4672,5.5046,69.2308,94.1176,45.3391,68.5504,50.3921,77.7575,100.0,100.0,68.939,88.4445,82.5328,94.4954,29.6296,19.043,15.6528,0.0,15.6214,20.1058,0.0,6.6587,9.8662,0.0,8.7027,8.1967,25.641,1.7809,3.3788,0.0,2.4029,6.8493
